object_id,x,y,object_type,Random marker (continuous),Random marker (categorical),Marker (continuous),Marker (categorical),Distance from reference point,points
0,460.4424033304,579.1031052518,point,0.07763424822711018,A,-0.9939235600773763,B,5076.1445788595975,True
2,296.9659401181,409.7143040957,point,-0.6056507078808582,B,0.9986400806302526,A,1702.7189911662342,True
4,-122.482496962,-978.5594264263,point,0.8208125145771534,A,-0.8129242676274482,B,8030.712205607987,True
5,386.6409907531,-44.9758919418,point,0.39196246953103264,A,-0.8215664719086669,B,1246.671746108981,True
6,-906.0461051037,82.6760893471,point,-0.21593668041553338,B,-0.3317042858306626,B,6745.266983325183,True
7,937.3857669194,-359.196511284,point,-0.7312218489461768,B,0.9994244803629377,A,9232.210969906386,True
8,-707.4019398763,-597.3628158819,point,-0.20605948249745176,B,-0.9969788956587918,B,7360.656956789013,True
10,674.3191369216,207.0730941017,point,-0.7165335811286888,B,0.7624457916718321,A,4627.943578274085,True
11,616.6324506384,-733.451994867,point,-0.1731874456720679,B,-0.5756950531191954,B,8744.41019680151,True
13,319.1616414965,726.4780886213,point,0.7323789405191947,A,0.10297669206466574,A,5290.254805664809,True
14,-265.203814426,-473.1419021853,point,0.9769144977122313,A,0.9778003240686417,A,3179.0921097278547,True
15,491.8372784394,-854.4410888404,point,-0.03509266934224131,B,0.430953250149706,A,8617.329857008122,True
19,934.9419947627,-289.6615043048,point,0.007845376136913274,A,0.961111794987062,A,9269.857921500972,True
21,6.6956339859,103.8405065764,point,0.46654241095049676,A,0.8953956551797432,A,133.11827775352526,True
22,-185.8270518336,-222.07080216,point,-0.6059003909678644,B,-0.8682209891261754,B,627.7895692418876,True
28,170.8283961207,-641.4240254044,point,-0.6473191284798647,B,-0.8016645802921025,B,3658.3022236307906,True
29,-297.7193411339,-556.4406968543,point,0.39588399978814226,A,0.9560912541152183,A,3240.1167479450414,True
30,287.6657529366,-530.8923053509,point,-0.9146077671365171,B,-0.18672131539091388,B,3747.372340089281,True
32,-119.6124199757,-968.2610162381,point,-0.7944730405503035,B,-0.8291627104942554,B,8034.126471212517,True
35,299.8149008148,385.1333337746,point,0.3044824608331058,A,0.9865171522295955,A,1676.7323431288805,True
38,543.6556413035,-800.7559763826,point,-0.6373666060747976,B,0.03131628481714252,A,8667.037155214854,True
39,-880.0897377056,-48.9989898925,point,0.779412151961135,A,0.4787766355192757,A,6845.751419124919,True
43,745.345609366,-531.1260329456,point,-0.9629495253159368,B,-0.6815010392646889,B,8957.8094271327,True
44,422.015933494,26.7312558756,point,0.9377967129872806,A,-0.9996182886858342,B,1322.7846324233544,True
50,148.8931189756,-670.3045199143,point,-0.6694407649902558,B,-0.8423830928010583,B,3649.708339950526,True
51,-416.4022863438,-319.5575906063,point,-0.2566099129884567,B,-0.44365320379947654,B,2960.7684378733084,True
52,-474.075310277,202.8273760113,point,0.04090891979605704,A,0.9977182375443768,A,2458.550276019256,True
53,176.3918208031,-373.7529233587,point,-0.2789615546938822,B,0.9578143364359137,A,977.4576010277138,True
61,642.9945123446,23.2629626041,point,-0.05475527831305649,B,-0.6400256739730092,B,4440.549619637371,True
62,-314.5410249549,356.0681244517,point,-0.7735296285535374,B,-0.23394877051848403,B,2233.610247511018,True
64,21.5892714537,826.0237712125,point,-0.43526692797006095,B,0.7062709271212765,A,5560.760762286228,True
69,-297.8227183527,-160.8852970757,point,0.38842953583742257,A,-0.9362661789279099,B,608.560683355584,True
70,-543.6929668166,-292.5854620225,point,0.9521656951489821,A,-0.5692818949770926,B,2943.2530912423376,True
71,-517.8787042206,-19.4754613633,point,0.3312242192347623,A,-0.16767060777037132,B,2659.1537909124445,True
74,497.657447437,437.3226261014,point,0.985557325492675,A,-0.21021023927358232,B,4926.299339475875,True
75,-139.0156435579,-582.6274451813,point,-0.2842683642650987,B,0.2964969661544374,A,3356.797355499885,True
83,470.9019995674,53.7605914831,point,-0.8649647387845698,B,-0.8573478142052549,B,1384.3530921181057,True
87,-183.2805274962,161.0033553634,point,-0.6247689097048363,B,0.31011734560375703,A,339.1531431206217,True
88,256.9825960425,-649.8162812846,point,0.4570098919569636,A,-0.21979182654490934,B,3743.3190554513944,True
91,419.009464441,-781.2380986437,point,-0.86895158475528,B,0.8824781690303957,A,8541.063102769198,True
93,-525.7747202512,619.0082112607,point,0.6554565341045346,A,0.42598572216693276,A,6084.664030188026,True
95,27.1204496278,736.0281780626,point,0.1925109077492262,A,0.9502243941851399,A,5504.392137889434,True
96,-168.4707857463,-267.7754772105,point,0.9457736537347803,A,-0.6187170901584244,B,673.929199101684,True
99,338.5809294365,646.7889307828,point,-0.7327479868562401,B,-0.565897913976922,B,5205.693027600069,True
101,-888.0321533284,113.4473542296,point,-0.8302503279249125,B,-0.6062824827927309,B,6707.674824791096,True
103,-284.881392197,379.0125471264,point,-0.5982503360278977,B,-0.4922461089507909,B,2200.1865196715125,True
104,-739.0434813336,-593.1214952991,point,-0.9376613675839793,B,-0.9992697102039831,B,7355.913192133298,True
105,322.0401096961,-842.7242715531,point,0.15988748644953943,A,0.9414898180228056,A,8441.047442648189,True
107,-768.8129243368,-210.127825183,point,0.46244221937059105,A,0.9955416132481145,A,6963.000036481365,True
111,-47.8752164404,702.7639380926,point,0.6452562204880328,A,0.6558540068288682,A,5569.029172259115,True
115,29.1434841851,-901.1528248216,point,-0.6898326916545789,B,-0.8856789452007438,B,8163.250091642098,True
117,381.1417930187,40.5595136055,point,-0.6924709415751813,B,-0.994844693555439,B,1307.2787310899955,True
119,393.8410253432,314.1435521665,point,0.01647582424882632,A,0.6600053328648376,A,1594.4635768511234,True
122,-425.5885835193,176.8243634268,point,0.44384293217478077,A,0.9940937535938049,A,2437.393606929659,True
123,255.6615923211,-162.3013344788,point,0.17582743878413565,A,0.5000930320929377,A,1068.128610915788,True
125,246.85349791,377.6803804877,point,0.4876264327220112,A,0.995168418665195,A,1684.6591118264475,True
126,-259.6855236793,26.7324733524,point,0.7560265201646912,A,-0.4018400520213825,B,426.6141651242518,True
127,-66.6217336846,-590.7699188403,point,-0.46153835931164044,B,-0.20757333495016272,B,3418.011298838115,True
131,508.7946826305,624.7091882787,point,0.46497406312328926,A,-0.9853441566068103,B,5109.9500610955165,True
132,436.6959789008,-432.7660954711,point,-0.08203166379222249,B,0.9483798307434442,A,3919.6816845225026,True
135,8.7480429806,812.861886421,point,0.6021564550846632,A,0.7083753320861493,A,5560.4035230577965,True
142,225.1904133824,-864.3955309159,point,-0.03812284122246146,B,0.3501976791931539,A,8336.7384621165,True
145,-369.772222386,252.3297219793,point,0.48263946671356317,A,0.6239444732859822,A,2342.800323460547,True
155,345.397401768,-77.3475512625,point,-0.9537386191154484,B,-0.4883639138512712,B,1192.1990230293222,True
157,-868.3226035544,78.6422692116,point,-0.15171427403560922,B,-0.5623272035122462,B,6714.176439372405,True
166,-779.0453370864,-148.9021014915,point,0.30147804326330085,A,0.8135414721975622,A,6899.866122501948,True
168,-650.1781518002,-611.5182132191,point,-0.8521706219704659,B,-0.9539500775566411,B,7387.885577175296,True
169,-472.8461048657,560.2567890957,point,0.021576437593540332,A,0.09717932922711602,A,6043.537847729902,True
172,-471.3646069016,-344.0487001884,point,-0.5345478996909363,B,-0.30902679564471996,B,2978.2285989212637,True
173,-639.23809934,543.0997109144,point,-0.12846103867082248,B,0.994074310251937,A,6207.283309585951,True
176,-831.9716982198,-184.5516384044,point,0.5887952008518067,A,0.9585351360455083,A,6939.658127937783,True
177,949.5388942486,-298.927041322,point,-0.6227944365921765,B,0.9115026584959739,A,9287.147214454086,True
178,445.3756452594,-509.9373715391,point,0.6010741991864177,A,0.9322183084083269,A,3913.9705742097444,True
180,786.6306701823,-674.0463011392,point,0.9578804330535566,A,-0.7777787232343794,B,8940.85196088657,True
181,-203.5861458736,-916.1251089403,point,0.9875569347443565,A,-0.15491409548891708,B,7935.478346869147,True
183,373.2026268969,47.0195270414,point,0.24852929999726725,A,-0.9977116144469007,B,1311.3491450848735,True
184,-364.6080101797,782.6036597379,point,-0.5940806754967609,B,-0.8565006276451851,B,5908.443746753775,True
188,-720.4744829174,503.0126345403,point,0.44631400766960483,A,0.7661209300506677,A,6304.114978085834,True
192,453.7292427191,-853.7807264112,point,-0.8191285065702352,B,0.6856374467938889,A,8580.138241485018,True
196,-640.5392402571,-711.5522803284,point,-0.2085570819704079,B,-0.3896687398936676,B,7491.789743808024,True
197,-610.5772262028,15.109014502,point,-0.6454756181329353,B,-0.4406363528899135,B,2693.6947208299875,True
198,-263.3670679957,56.3379531731,point,0.04059801386236761,A,-0.3331274751272953,B,417.7453471042974,True
201,347.0850033863,100.0296607767,point,0.24812688590135257,A,-0.9188939827269565,B,1368.1323488574747,True
202,140.7802319374,-552.0297014333,point,0.21871353916763403,A,-0.9905804127580013,B,3597.899286185131,True
203,-808.4736309714,-401.593874212,point,0.9813012010308053,A,-0.01933506967730135,B,7165.151603136682,True
206,514.615544102,-486.508810317,point,0.7923464617989338,A,0.9713356832931884,A,3987.207900353625,True
207,-257.5505344561,-95.7168928996,point,-0.8628861229104132,B,-0.9652352909417192,B,533.7521661804678,True
211,657.3816145503,276.6582854343,point,-0.9344355270965776,B,0.9987404509047166,A,4706.365473803821,True
216,-55.5253728323,414.7917022605,point,-0.28897861474303776,B,-0.6224040645653922,B,1965.5728501524752,True
221,145.8562818442,401.9658622405,point,0.20874595680291352,A,0.8607983772240877,A,1760.535237984883,True
222,-685.068796846,-502.2618674671,point,0.6714703454602482,A,-0.786908513170173,B,7271.525200759302,True
223,-33.0101038203,-661.4272104507,point,-0.9859136950556622,B,-0.7792357569861688,B,3500.133523407038,True
225,-478.5572476707,-735.7002469034,point,0.7072890062859634,A,0.45986977689643516,A,7597.164193782541,True
226,151.8974182646,453.6506009859,point,-0.7235729454311575,B,0.6219049196711605,A,1804.4148417699585,True
233,-373.5557620912,680.6276846041,point,0.337327279971122,A,-0.8282056336187713,B,5914.750102701475,True
235,111.2914647648,706.2918155034,point,0.19775819843089315,A,0.8892599941051484,A,5409.362630544233,True
236,560.4940392501,-367.1099570054,point,-0.3846207200702203,B,0.6140737066787209,A,4067.5568878755143,True
238,632.5008687015,-282.1670924246,point,-0.7905371514784194,B,-0.28428699413509384,B,4181.493821332648,True
239,640.2462597113,-738.2347228974,point,-0.6011362537005032,B,-0.7271981774449774,B,8768.503483549983,True
242,698.3333009781,-250.5061022187,point,0.27741729406244064,A,-0.7878190751098806,B,4255.773495004876,True
243,-88.5758426746,195.8404709563,point,0.5070791675749609,A,0.7200591634069814,A,280.524609340061,True
245,-132.9405162874,-309.1654611033,point,0.434296274633589,A,-0.21094188723594662,B,728.4776254260821,True
247,-637.0821258676,-620.0936666157,point,0.9741233828798936,A,-0.9118822444208456,B,7402.08076005675,True
248,319.7054239207,-289.7792249588,point,-0.9939945021085335,B,0.22858257357977846,A,1103.2987801675672,True
250,-112.0551033839,-237.9875592516,point,-0.6038573857412142,B,-0.7051821927138813,B,660.0606278698634,True
252,-493.5384125119,-148.9504556095,point,0.2027650068084752,A,-0.9332524157744326,B,2783.3413868588764,True
264,-62.0879885926,452.8021298874,point,-0.521737061144776,B,-0.6977245365983313,B,1977.6215319988341,True
265,336.2321673856,-829.0573472603,point,-0.7897877819823129,B,0.983918281046411,A,8460.750217099703,True
268,-204.9995596976,-584.5626836275,point,0.19642310850566425,A,0.6410134680946077,A,3309.4219097928,True
272,-457.9677118214,595.9876245673,point,-0.6541085562439108,B,-0.16001756192566216,B,6012.572881599674,True
273,-290.9869131866,51.0443264608,point,-0.6773236458897287,B,-0.5429728481229227,B,445.8679062363974,True
274,516.9428630675,434.5643935328,point,-0.9131466336672203,B,-0.10478659431901693,B,4913.482056988759,True
279,68.4183996386,-630.2522562789,point,0.3736659215257194,A,-0.9755390030859427,B,3554.819241361252,True
283,-648.4105260505,-688.7951665545,point,-0.7593043047491017,B,-0.534086846325223,B,7472.21109596485,True
286,382.8254228684,-133.746348853,point,0.39607657951519215,A,-0.5037516721282465,B,1194.3257086679555,True
288,549.0793075718,-391.1669540255,point,-0.7275042096608613,B,0.7727163173181703,A,4040.9291728982075,True
290,-651.7556084343,-593.1152429715,point,0.34642322620712496,A,-0.988660831883507,B,7369.415122839614,True
291,-474.7508924729,-109.1689703262,point,-0.3128870719615051,B,-0.7419582371597901,B,2739.2562035499327,True
293,627.4722400907,-781.0957065242,point,0.001759573216475463,A,-0.6414529001371565,B,8754.36259976375,True
294,-133.2187269127,756.8454802817,point,-0.439054975658004,B,-0.15655479463165642,B,5673.730952066045,True
295,47.4479013702,161.7045863173,point,-0.06867814097504943,B,0.9995612372248688,A,192.05045613277122,True
298,50.3933105389,787.1305734981,point,-0.287356507586221,B,0.9274490114739128,A,5512.362895638274,True
301,346.9913386542,190.5119032278,point,-0.572456523867984,B,-0.39045729424940007,B,1459.8290820351915,True
306,-747.294636743,188.6086720566,point,-0.4259546560643388,B,-0.9260412002109036,B,6550.903217721716,True
307,13.0530072545,-952.9668112466,point,0.6851724391379967,A,-0.9160680621935252,B,8154.825019553769,True
308,-286.5008846399,44.4621950088,point,-0.5818154819759229,B,-0.528063372932032,B,443.74932957822637,True
310,42.0575359967,-599.7781786168,point,0.8102745744221058,A,-0.8418178316179609,B,3512.997138372539,True
316,501.1398991546,526.4459078969,point,-0.9979694800051295,B,-0.7772706801113557,B,5007.722474321477,True
319,-813.7426750181,-472.5119579697,point,0.5879994022499557,A,-0.576881698630968,B,7236.619963661708,True
320,190.0105937145,-588.2167019407,point,0.3188931850512089,A,-0.8190215326880488,B,3654.746754045201,True
322,717.7021306737,-676.5007669159,point,-0.0665378514050392,B,-0.9955142066405518,B,8870.661751526042,True
325,52.9359926422,539.4648895482,point,0.7222695781591786,A,-0.40873890935933543,B,1935.4842136722195,True
329,-557.3718853894,222.1148052122,point,-0.7910657964155501,B,0.835315289713159,A,2520.2931056256552,True
334,93.4272188731,-934.9758968834,point,-0.4458529023399995,B,-0.4766646438758726,B,8234.18180496662,True
337,468.5311131754,111.963228359,point,0.23462689011059323,A,-0.6649453151390268,B,1420.674001835656,True
339,340.1902685296,180.5702162452,point,0.08065562119791925,A,-0.45940020956716254,B,1450.6860958912255,True
340,47.7627222344,-653.5269339542,point,-0.9635820203689658,B,-0.9758943317113267,B,3555.013910832133,True
341,416.2527029073,-919.1918864977,point,-0.06367445046836884,B,0.8382598405124809,A,8551.50564593187,True
343,-754.4107531081,459.6387175897,point,-0.6836193056303828,B,0.40213464510117014,A,6359.1873586962065,True
344,60.157760156,433.5221642724,point,0.7187093537698999,A,0.3165966327199043,A,1846.2988642437092,True
347,-461.9011179633,-446.0893081981,point,-0.11511682014121027,B,0.5945372799501388,A,3092.331753738488,True
348,-487.2115999373,677.2904890811,point,0.15837081973405276,A,-0.04437145355877423,B,6026.531571722238,True
352,511.8759794457,-732.7492309849,point,0.5607135026438519,A,0.19324457611110282,A,8647.459565631778,True
353,74.6770366769,70.268236967,point,0.8217697954106173,A,0.7230537014150041,A,96.98552813162202,True
355,-671.5815107432,550.9494720594,point,-0.5763038474872555,B,0.9858483185842045,A,6240.565662435926,True
356,87.1722689685,-350.294668758,point,-0.5806469786846038,B,0.8867315450715592,A,884.8093910152265,True
358,16.1548074422,734.014304015,point,-0.6077667578765085,B,0.9300704022319263,A,5511.514244790562,True
361,-4.6675286353,135.3984446783,point,-0.5140863696387121,B,0.9842950753749847,A,167.20023797218093,True
363,632.939050738,181.837099394,point,0.5213541083442268,A,0.6954483700204568,A,4616.1786630940305,True
364,653.4339083805,387.3036557736,point,0.9285910208398955,A,0.5717148711886684,A,4827.853200795358,True
368,413.2361642577,600.8948229324,point,-0.0767379060478035,B,-0.9735544446453585,B,5117.0389642057,True
369,-830.6415933538,-120.0652485884,point,0.6209058620179022,A,0.706344980278681,A,6879.958699001559,True
372,967.9513886342,-15.1603560638,point,-0.26541440775591174,B,-0.7531075776106806,B,9527.11070800995,True
373,663.1824864875,-596.6209714977,point,-0.8057976098695536,B,-0.9978865328428607,B,8851.488123084753,True
377,-611.1812751147,-23.6568468387,point,0.8914077728106311,A,-0.6243391536136612,B,2719.852060052608,True
379,-357.2880054779,772.7894488103,point,-0.9249149947464197,B,-0.9046167501079692,B,5896.200331994574,True
383,-116.5499322898,757.9342293494,point,-0.7632899159126052,B,-0.01799787926990828,B,5657.026638589794,True
384,-115.9412865296,-217.441085677,point,0.9620884770659033,A,-0.817430708519941,B,639.1498651914325,True
385,35.8511285828,-337.2944284833,point,0.3616454618949869,A,0.6606641998428264,A,840.5866223599671,True
386,309.8858465025,-910.5971519022,point,-0.44852824676809044,B,0.9184179763327316,A,8433.492142055673,True
387,498.1870175369,-518.4207886076,point,0.51345898504442,A,0.997156107298426,A,3967.458978625943,True
395,116.599689981,725.3354489494,point,0.15462645420063903,A,0.9196503353302772,A,5417.938365618441,True
400,-196.2879856003,-217.5304223328,point,0.7033517684427155,A,-0.8783015461756127,B,625.3064684396778,True
402,624.4104376446,336.8374267934,point,-0.3949233074392482,B,0.8660442105716716,A,4775.21631968051,True
405,-32.4099870404,797.8506014279,point,0.5967736148213578,A,0.5022418875124746,A,5591.724045504224,True
408,-260.0755735537,386.3460213112,point,-0.9632010739700252,B,-0.667039282891227,B,2174.319388362003,True
415,-300.9471965123,761.740212164,point,0.8042999810793505,A,-0.9992729975723242,B,5838.786288543828,True
419,-764.2011846315,-430.8171952596,point,-0.7410590057491089,B,-0.20896170723208404,B,7188.0928230665695,True
421,-821.364022426,-156.8954137126,point,-0.7284620238810902,B,0.8598505887943182,A,6910.037365794487,True
423,582.4568015382,459.4597864834,point,-0.7884295712302156,B,-0.19677147785197557,B,4924.6522106754455,True
424,229.5279290485,-902.6634026035,point,0.993993752528844,A,0.5805728004683778,A,8368.13644792324,True
430,77.7824071232,737.2352807274,point,0.9779945414724844,A,0.9957774447236811,A,5455.339659227158,True
431,106.5257508723,114.5442056352,point,0.9073995123032297,A,0.9500818044346423,A,150.419758303334,True
433,-464.4577714595,-755.0679578013,point,-0.6386659601497122,B,0.6268348403353448,A,7621.120475940981,True
437,-69.1014596881,-321.6410768597,point,0.7338903906380929,A,0.09743065809015175,A,765.6924929635118,True
438,-68.5620189197,-270.0396804883,point,0.7726398136263162,A,-0.3263595410057115,B,714.0882770134468,True
439,104.6310036675,788.4760855871,point,-0.5488660541673431,B,0.9981977916182797,A,5473.576715082934,True
443,686.4032363211,-656.6765851724,point,-0.33557345853283427,B,-0.9942813546960046,B,8846.451727113892,True
447,-518.2524070309,62.377920505,point,-0.36472370012043176,B,0.4184762879859364,A,2587.1257897146015,True
448,-585.6936452111,-749.0801503349,point,-0.6575099988199538,B,0.03380650471168235,A,7543.879922313991,True
449,-783.5603509809,-269.3848382396,point,0.36204610661901615,A,0.8895872637020615,A,7031.258358281438,True
459,453.9423602691,-71.6385274292,point,-0.7561789020181147,B,-0.9673876365604162,B,1288.738049677052,True
460,-207.8723666209,820.0102607517,point,0.05670992423455834,A,-0.8121770403624314,B,5768.611662870334,True
461,-453.2942852107,-769.9730127748,point,0.5543411025266634,A,0.7397297994200246,A,7639.742615694248,True
467,-847.8190178773,100.9412003438,point,0.4524047559900637,A,-0.751039764348642,B,6683.883876667068,True
469,656.593118717,442.4430117398,point,-0.40393477699524305,B,0.2037235818374601,A,4876.265367205222,True
472,334.2237837731,378.7731917407,point,0.12951254083806862,A,0.9525443143780759,A,1659.343022459569,True
475,314.2509079045,299.6364062164,point,-0.11837199865064885,B,0.6365640812027277,A,1590.7686590596709,True
476,444.9876056119,23.6124418262,point,0.9956827327021247,A,-0.9757186464517574,B,1345.9670550958672,True
479,-314.5982939402,-589.1149522491,point,0.24667909830398838,A,0.8956429281208447,A,3259.7351111688986,True
483,446.3468421374,79.9139814464,point,-0.8680624098208374,B,-0.8685348683561452,B,1381.6958527114064,True
488,-871.5274614007,207.0509793538,point,-0.2694855066862143,B,-0.9764794934447623,B,6623.4225862526455,True
489,585.2478572705,357.3883669469,point,-0.47864275511984755,B,0.6322334452261296,A,4818.75263675433,True
490,-910.7954022673,99.3881567019,point,-0.9666907743132773,B,-0.4248653457097078,B,6733.182555756261,True
494,912.0198027732,-197.5014919797,point,0.13207613024951148,A,0.6687935490131917,A,9336.867782009334,True
505,274.1006529756,305.7159902192,point,-0.7623932654159935,B,0.6718699272839667,A,1596.3721399198853,True
506,367.6579651198,206.7163906223,point,0.08339773021343344,A,-0.18127021664773724,B,1486.0911242479965,True
508,651.4734915207,-247.7681533842,point,0.24287858228108017,A,-0.5774736999630689,B,4220.778009293515,True
510,-524.8829523258,-32.1825060622,point,0.22973369899088758,A,-0.28535775034726896,B,2673.663390372769,True
511,141.5185626328,15.6417731587,point,-0.28335239637328136,B,0.7089578564532572,A,94.562330115753,True
512,-186.5011520898,486.6979372339,point,0.855003321453812,A,-0.8993392337097074,B,2127.7559932802337,True
515,-729.8942335434,-539.4850713179,point,0.8256214855787987,A,-0.9048778776245806,B,7298.562379004615,True
517,-427.9588279761,-823.6003242621,point,-0.21050463921422624,B,0.9704106183085777,A,7699.0534404283735,True
518,-861.9143776119,-309.956880358,point,-0.8291928877739965,B,0.6840034922572208,A,7072.442838041088,True
519,-22.4849914268,476.1032689605,point,-0.6978926891497819,B,-0.44257238032345486,B,1939.9714237916878,True
520,821.0128715163,-621.3645838808,point,0.5941993276569728,A,-0.3852148224821312,B,9000.333970500904,True
524,-501.2632431404,305.0932069259,point,-0.8207444225849221,B,0.9999419698984497,A,2449.1494886550404,True
525,652.9106632117,45.4624473737,point,0.7666915395503897,A,-0.4723182410834203,B,4464.8631379359385,True
527,-195.7615417201,-918.0937222065,point,0.08031220648562565,A,-0.2204956659267772,B,7943.492200779048,True
532,-507.4588164002,-69.4907334184,point,-0.3869186605968489,B,-0.47955100934853845,B,2698.954986463713,True
535,-768.673316041,-511.9179861968,point,0.8788419320540606,A,-0.7754198825391061,B,7269.316823521996,True
536,-571.0067340282,188.9278807714,point,0.9124313995929945,A,0.6363187929276286,A,2556.1718047553945,True
540,-16.3483847478,-273.8239870764,point,-0.4066304647684251,B,0.0036506091878206626,A,754.4203109371242,True
541,-725.834575708,-430.2199592095,point,-0.12345378673301322,B,-0.2137796566697798,B,7188.684342472359,True
545,49.4853120573,785.6377457537,point,0.014229503508875307,A,0.9303989745570799,A,5511.406799423451,True
548,-438.4979267913,-436.14492371,point,-0.8861946912799565,B,0.4933214373949786,A,3077.8374336678103,True
550,234.117066407,-207.6488888394,point,-0.4202461621978901,B,0.8028558049198473,A,1019.1249420062821,True
551,-546.0721746183,-13.2949544671,point,0.9064156834747488,A,-0.21529879677637465,B,2664.9775640434423,True
552,609.67151751,-679.6966884986,point,0.7859503995713444,A,-0.7147125715993236,B,8766.341291908142,True
563,-408.7523893461,-759.9494544865,point,-0.5963489981046957,B,0.8360441520625181,A,7658.626343302533,True
564,60.9294258448,-319.8379375636,point,-0.21896272625324698,B,0.6854338801438272,A,844.6061661413055,True
565,-737.2282759955,292.7228765144,point,-0.07428959510338684,B,-0.3722785940391973,B,6454.62455854523,True
566,519.9794355177,-484.0396669986,point,0.16190952530892866,A,0.9584674109754882,A,3993.112813549111,True
568,95.3504083964,-260.2046724843,point,0.0396548118700486,A,0.7799282897610256,A,861.3283846965,True
570,-781.073102886,184.1133054389,point,0.306392800406621,A,-0.9838460167217397,B,6575.746130281101,True
571,107.5629758579,712.5996067872,point,0.8311959595906178,A,0.9155148617636619,A,5416.689967059561,True
575,-464.482510447,307.028253296,point,-0.11457894290441062,B,0.9499554196124449,A,2412.3178894239754,True
579,999.7002803038,-260.5382598588,point,-0.24558702620269912,B,0.6427943893803124,A,9341.001094638308,True
584,993.1081810629,-123.0115073055,point,0.6247468242374601,A,-0.23406881029078283,B,9453.129239993817,True
586,974.4348163702,-273.1536386092,point,-0.7956470426727331,B,0.8041828140646986,A,9312.662040325518,True
589,-297.0934946349,810.9378983855,point,0.4626263799440382,A,-0.9918227321129689,B,5858.718994880689,True
598,-260.5082320236,404.7529361178,point,-0.20883225187515597,B,-0.6362631605265671,B,2179.18934002282,True
600,-729.2228033202,268.4182457444,point,0.9801340287026814,A,-0.5359863325415749,B,6476.730090256456,True
606,179.8977240514,-662.1771935512,point,0.8369163276951428,A,-0.705230046255368,B,3675.981476012866,True
612,-379.7093612798,-840.9776015897,point,-0.23412125589816157,B,0.992745541815938,A,7742.781035930771,True
617,770.0174829271,-670.6653581105,point,-0.7008951291670267,B,-0.8428286583394178,B,8927.484713251368,True
618,684.4219664993,121.1956669098,point,0.9062434721959411,A,0.19047114144009844,A,4546.890467382814,True
619,-179.8820661587,166.7043136506,point,0.9927514418010657,A,0.36219828130124,A,332.5160906984333,True
621,-343.8495502997,-915.2586777604,point,0.842105609938242,A,0.6910235037524894,A,7825.2649999517,True
624,-507.3589608632,-325.042634625,point,-0.40410091147656324,B,-0.3781326472927302,B,2969.395546360687,True
626,163.2192040709,700.4738426663,point,0.8652747373450138,A,0.6535466409697288,A,5363.3469592169295,True
628,-715.8672015043,373.8247450625,point,0.35505803288431936,A,0.2079722364683727,A,6383.7088442524155,True
631,619.5760614771,311.9176925139,point,-0.43769573389294214,B,0.9442827494524665,A,4752.635513644751,True
634,431.1326133782,-581.4677500139,point,0.13217440504831623,A,0.929636766361001,A,3913.1222858195324,True
636,-206.961011468,-869.1268304566,point,0.7117230641757928,A,0.1818605547668738,A,7894.868099644278,True
639,759.9783482907,-677.3259608805,point,0.16102875558422447,A,-0.8751187999535848,B,8919.905090768472,True
643,385.4292542673,-13.7044297154,point,-0.7781944105465888,B,-0.9102975627847838,B,1268.2536342108547,True
648,154.8029619527,-683.1991883986,point,-0.5995779977943634,B,-0.7729556751709429,B,3663.892793388497,True
651,-765.3746697988,-165.5943469299,point,-0.15200896176007173,B,0.899814284187629,A,6920.161368665753,True
654,428.0932123446,106.5120458034,point,0.09224544024519177,A,-0.8402436872502643,B,1388.2365736997856,True
658,2.1451290089,-317.7294811636,point,-0.9562041023410668,B,0.39078746708372775,A,802.1606687940122,True
661,-128.3928444866,-583.960273325,point,0.7746885606428233,A,0.21022509855951385,A,3367.5034421317896,True
666,-533.4368414477,-61.262922876,point,0.5186200068711282,A,-0.5158355981005827,B,2703.975758494941,True
667,356.0661721271,250.0763559433,point,-0.06945949038399202,B,0.10079840166948945,A,1520.0808590202557,True
668,-268.3815941457,695.1694380819,point,0.995719458431745,A,-0.9336416317556713,B,5799.400537752976,True
669,-202.2685124504,-132.9410263838,point,0.16415232658230017,A,-0.9812710316420487,B,542.22541230572,True
670,441.1069430807,-576.42936739,point,0.04057455442903746,A,0.9440474195301156,A,3918.074498755705,True
671,882.9571136473,-512.4177007499,point,-0.17032891469865952,B,0.41098575778768087,A,9098.611054156025,True
672,-30.0399307179,-276.7453261034,point,0.2073523489518696,A,-0.0837081823996897,B,743.9254868639636,True
673,-443.0350848757,-297.518647394,point,0.7451821235094069,A,-0.5991546661017466,B,2938.835564294512,True
678,296.552367225,-172.0724447081,point,0.32228400631656706,A,0.3035049530961954,A,1093.969078092107,True
682,115.2867141313,436.0356747337,point,-0.6538188038763844,B,0.6094661523489401,A,1806.3091453282088,True
684,323.0852769747,397.9829456515,point,0.7881906255065516,A,0.9922892585686022,A,1681.5484492514931,True
689,210.1299718217,-612.9044915363,point,0.7339629659265323,A,-0.6589207230486042,B,3683.5852178160503,True
690,786.1617028505,-517.4309097163,point,0.026153608535302464,A,-0.38115170639467144,B,9000.861835748261,True
694,35.907102305,-694.598325446,point,-0.7658488083944697,B,-0.9913587296633941,B,3565.628673601371,True
695,-1.0739656449,-649.8939179518,point,-0.49515516010614435,B,-0.8167498420403624,B,3507.610715725187,True
698,161.2066743545,37.8386052041,point,0.5332449163018882,A,0.860000743944635,A,124.23253564281055,True
699,-220.2765581481,-87.8531416723,point,0.32885243671965925,A,-0.8375740556317949,B,496.1304185246572,True
700,885.1027070405,-335.8102184991,point,-0.09559843964054715,B,0.95931322915932,A,9201.934005076466,True
701,-159.0480001003,717.7183205151,point,-0.9448993568893123,B,-0.2618298299992828,B,5686.656899199536,True
704,698.9649435435,49.3497037758,point,-0.3315285754359052,B,-0.3251958730002918,B,4484.147158930876,True
705,943.4091966569,-52.3514944514,point,0.14261696057626239,A,-0.4630633399559951,B,9482.551758722335,True
706,-78.1683737564,209.7462022133,point,0.04409897207867375,A,0.7484577528598367,A,275.5030993273013,True
710,167.4504371506,-646.9146950826,point,-0.7453003974480992,B,-0.8115905992844058,B,3656.2868368769273,True
711,221.1813645379,-854.4645986239,point,0.7848379985590237,A,0.29161203464969176,A,8329.314008092655,True
712,-302.6304555075,390.6157247081,point,0.7792403603280269,A,-0.33156107807482443,B,2221.391777943757,True
723,955.1066887057,-251.0278896742,point,-0.4279345238963077,B,0.8003255485902521,A,9313.437401319352,True
729,215.0039403907,-225.558662963,point,0.6204329666741,A,0.9129047519186054,A,992.9319735744045,True
731,524.3750744945,-485.6801215996,point,-0.1581136234539715,B,0.9487208703186412,A,3997.002549835484,True
733,430.967518842,45.4920161725,point,-0.9587602238966584,B,-0.9798962557665749,B,1343.5715756127768,True
734,430.9168056313,120.5814598848,point,0.6290944456193739,A,-0.7695585601391992,B,1402.586524628015,True
735,36.7155532482,-697.5362590833,point,0.6629351117142597,A,-0.9943697752006238,B,3568.6758111080712,True
739,138.4674069457,-869.6837444698,point,0.3328132779619726,A,-0.37128157584498056,B,8248.157940473573,True
740,-838.0399494097,216.0534092304,point,0.9863288264993855,A,-0.9974339676477831,B,6588.746121567928,True
746,-448.4321272366,322.7561697461,point,-0.582006203919478,B,0.8751898412143061,A,2389.8460813733977,True
751,-598.797571044,-50.9738400719,point,-0.8663475890926533,B,-0.6890951519831654,B,2730.1665902788245,True
757,-519.308811103,-224.4321535363,point,0.23471327759354566,A,-0.9361303098889934,B,2870.553782467428,True
761,677.008479669,-267.9678677166,point,0.608691320198548,A,-0.6269071160143254,B,4228.211541914271,True
763,-774.3332705959,-398.0949077084,point,-0.5222832431019828,B,0.07487535925952729,A,7153.837790318469,True
777,-464.1211520677,-816.6872222329,point,0.14355694965065968,A,0.9218322299572199,A,7680.55614505913,True
779,-777.1841920468,-192.3075373076,point,0.3781997598213622,A,0.9667654579883302,A,6943.311441228411,True
781,-701.2694741334,453.3526425188,point,0.2527321559735707,A,0.6955861689449986,A,6316.5407572645745,True
783,-26.7750534492,-343.9496182281,point,0.5777993472997596,A,0.37556376170199823,A,800.182835691977,True
786,759.1599098038,-94.0655505325,point,-0.048599188058643605,B,-0.8860411940975035,B,4393.245212658052,True
788,-195.2929633544,-242.4514981294,point,0.20427602864981576,A,-0.7606680287549354,B,650.2612458397015,True
795,-786.0221529439,-338.9810106005,point,0.12383649878761438,A,0.5098131365784709,A,7098.635142352515,True
797,-319.3532770281,408.7778716328,point,0.9682511074678364,A,-0.16070064402896672,B,2242.5786527366577,True
798,855.5580712132,-452.881069601,point,0.22383345972030622,A,0.4253675985308066,A,9100.511005195085,True
800,-51.7816138522,-567.1375363926,point,0.31790446747960366,A,-0.16997600690565892,B,3413.41670447921,True
814,82.5285972144,136.3169452142,point,0.6852731123483682,A,0.9929816078491788,A,174.26999859267687,True
815,-516.1099955583,-791.6593812399,point,0.44471169611675254,A,0.5422414773272184,A,7608.594673203123,True
818,-284.7945707219,-586.0295831532,point,0.6255626156602139,A,0.8437808894739306,A,3272.40531995763,True
824,-897.1122746263,118.4518743502,point,0.31719858997939054,A,-0.583794963621893,B,6711.032725909618,True
826,518.5638119156,-811.8540337165,point,-0.6344313486363462,B,0.25704160860011427,A,8639.60055960574,True
827,402.0481056778,-462.7730531547,point,0.9044800685671721,A,0.7746420976536383,A,3876.2490589772133,True
834,313.2438465842,705.1859069306,point,0.19726213237225454,A,-0.06961450385218734,B,5269.515155524514,True
835,-758.0085240788,-365.1280081252,point,0.8990858256942806,A,0.33141924695226066,A,7122.294357268492,True
840,321.4595712557,-101.177852146,point,-0.14318137000664444,B,-0.22674737835782136,B,1158.4217678146997,True
843,29.1529631645,-574.0426425315,point,0.1762746997473179,A,-0.7585315185464598,B,3496.246860340857,True
847,-135.1388598151,-954.5553324637,point,-0.5084287003193375,B,-0.7208462055295393,B,8013.416181455723,True
848,-755.4324701474,268.6150824361,point,0.4972854288351083,A,-0.5917305028737808,B,6484.833471469097,True
849,9.9321689044,-551.9446811985,point,-0.29598040273719306,B,-0.5785859829072291,B,3466.959340352578,True
852,-336.5538897091,-556.0372767273,point,0.5945059315295218,A,0.9915516701660483,A,3220.0339675645537,True
857,83.0886937687,9.7102291445,point,0.6330039956612383,A,0.33522095624854686,A,41.020769562311976,True
863,160.5742701243,21.7412539653,point,-0.6336788349610596,B,0.8161713342810508,A,114.57041983245736,True
868,353.1375922593,685.1109543151,point,0.3177808525579784,A,-0.2954320043739729,B,5241.886736978932,True
870,835.9539036202,-418.5493720865,point,0.07889090341937077,A,0.5217551622900928,A,9113.655690031585,True
873,-138.3630053459,839.7459779352,point,-0.8799038888423651,B,-0.4241360027067421,B,5707.4276896646215,True
879,-444.5026709623,303.9539051586,point,0.04394280135837736,A,0.8993487561455009,A,2396.140041299621,True
881,-607.1715707056,-589.4071408772,point,-0.7087283489709326,B,-0.9717369897234581,B,7379.9246779952255,True
882,-204.9101231621,-915.3358620857,point,0.4201331204352976,A,-0.14221196435944203,B,7933.936975253358,True
886,-448.6764112159,357.117399076,point,-0.42372740061181213,B,0.8602623283124999,A,2386.2407867739016,True
887,367.201189854,-157.1648088362,point,-0.33159537165277886,B,-0.2891467710499052,B,1166.1736052781018,True
888,-693.7402097607,-657.101252701,point,-0.10112459875130075,B,-0.7841667099462897,B,7431.660109312476,True
889,-607.9123774308,-690.7238093235,point,-0.5303349503239927,B,-0.45774818821243185,B,7482.767072140851,True
893,343.2475204579,177.7405680093,point,0.9553324956756251,A,-0.48995194219426197,B,1446.5203188338176,True
896,-376.0667410826,-448.2221706072,point,-0.30720284772911066,B,0.6659536469505356,A,3103.3815212842733,True
897,-532.2316511655,61.2348538002,point,0.004771075204985653,A,0.3097066474145587,A,2601.1516896167955,True
898,-790.1844609534,303.4611825103,point,0.799749702895848,A,-0.6671663735033468,B,6496.496807460953,True
899,525.3351901217,574.8732436064,point,0.7799684340610542,A,-0.9647880860141257,B,5057.440921229709,True
901,135.5373116839,-387.7168227118,point,-0.20045557303699613,B,0.9942994696448371,A,955.2969806375736,True
905,677.0894439443,418.9710524253,point,0.4428506271459727,A,0.44827801372862963,A,4845.103977282999,True
907,-541.2650009632,137.3138310832,point,0.22510239609083937,A,0.6576877445001079,A,2552.8084179433476,True
910,22.1023414184,-300.3418401259,point,-0.2320476851002471,B,0.3830918793343747,A,801.1591835032086,True
911,20.2065131335,-867.137358219,point,0.8016177615073186,A,-0.9820496088521652,B,8128.0801979861635,True
916,-70.2840383784,-938.8787487796,point,-0.4086415771984455,B,-0.9793396282956344,B,8080.873847195605,True
921,4.1807417604,698.6196475659,point,0.9722658604694134,A,0.9129621870693976,A,5516.8085065397545,True
923,-258.4671269993,375.0086374495,point,-0.7042557351740992,B,-0.6663902372311379,B,2174.4238887401416,True
927,-497.4976372192,-40.0350725552,point,-0.04624034421759782,B,-0.23869624634906245,B,2667.8605971376005,True
928,377.892461204,38.5822491168,point,-0.40919318416761397,B,-0.9918601474118633,B,1304.1474758923275,True
931,-47.6689774178,481.1571446715,point,0.9608414008987722,A,-0.6257288571640082,B,1966.0834601622519,True
933,-8.7088744896,-267.8276129932,point,0.8872701922889508,A,0.03125735884587244,A,757.7337309745947,True
935,411.197109175,-480.7596989753,point,-0.5584867261931268,B,0.8248635844795299,A,3886.3064869975865,True
940,286.1273720193,718.3253874164,point,-0.2574590299205337,B,0.18043703971296124,A,5299.647349939551,True
946,769.6443327477,94.3025213316,point,0.13170396921470506,A,0.36305458649069866,A,4568.478710533438,True
948,-15.3430881439,-274.872530477,point,0.1396217163375224,A,0.015755016393851014,A,755.8729170519243,True
951,400.5768988913,284.2603107427,point,-0.002686647213979043,B,0.4904191383855126,A,1569.4729498367578,True
953,-238.5532199568,742.6339481839,point,-0.3472575109757472,B,-0.8354114624908244,B,5773.532494526273,True
956,924.1366280004,-459.1031299555,point,-0.928167309079698,B,0.7833611419198107,A,9155.793451012594,True
958,-438.9879160471,645.6622823174,point,-0.6714983313808607,B,-0.40361520529576905,B,5982.002122510773,True
960,-401.0256208493,-421.8028284368,point,0.11194254301057605,A,0.4745447561134532,A,3075.2625602009152,True
961,-485.1322909206,-397.2600657673,point,0.012555239277325603,A,0.19581524676892612,A,3039.5795941014117,True
965,-124.6752988347,-848.6801121897,point,-0.15195181025562965,B,-0.5000777268025614,B,7979.656110538838,True
966,445.8974068629,-876.5248629841,point,0.40614190709653775,A,0.708860943010798,A,8576.249882691072,True
968,561.1417524737,574.8343908331,point,0.42880437348503775,A,-0.9223730724689534,B,5041.786043081651,True
969,159.8677309488,-916.634501542,point,0.04973033399117188,A,-0.05401223948303132,B,8287.319981172815,True
970,956.5410716662,-12.1144484889,point,-0.8817139340033437,B,-0.7407342036848171,B,9524.877472054164,True
973,298.3119058094,665.9291233299,point,0.010095724839287001,A,-0.22794746807585428,B,5250.279362217529,True
977,-470.6747001218,-344.5654565693,point,-0.5667552085055538,B,-0.302187311874235,B,2979.0905783421404,True
979,-132.4336242741,726.4470388388,point,0.8895517107165238,A,-0.031502440994622696,B,5658.647694923215,True
980,-555.0542744765,23.6024572186,point,-0.99508652233541,B,-0.05186015304435808,B,2645.1638402944277,True
981,391.422394008,225.7096329371,point,0.17454073665581848,A,0.014214530405880117,A,1509.6702748187645,True
983,-101.6627942524,203.0374476707,point,0.4024719286071785,A,0.628346826340433,A,295.4599625473774,True
984,-602.9473890063,-630.7962304467,point,-0.6951834620253687,B,-0.8337030651480225,B,7421.528769698095,True
985,96.9413819399,-995.2135201564,point,-0.473219445336164,B,-0.3487896985750279,B,8251.05107834417,True
987,496.7365510873,-881.7781466245,point,0.05165443028649741,A,0.354114170386426,A,8627.359721024566,True
989,-237.4750312133,-941.332894575,point,-0.1659395785221609,B,0.0026531498510713796,A,7916.495108690628,True
992,574.3259226033,514.8459595898,point,0.011506334054040446,A,-0.6445826091229723,B,4984.9418055711485,True
993,51.8698135095,-906.1831127034,point,0.670205679996787,A,-0.8169770059746084,B,8179.066697996282,True
999,714.0587367035,-566.3837929692,point,0.19918973646129268,A,-0.9097275093820718,B,8910.671565037765,True
1004,210.8683894126,-549.8577739854,point,0.3572890414327765,A,-0.7506756353681645,B,3668.021087981059,True
1006,-155.0063743525,111.1667087055,point,-0.6740166525152356,B,0.6096939636360447,A,298.31018628987124,True
1014,573.2968433882,543.5376460599,point,0.3827336762000999,A,-0.7798295638566451,B,5008.211760236911,True
1016,-212.3472010512,485.6604820812,point,-0.0386141871243284,B,-0.8010707866492149,B,2150.456871575763,True
1024,-794.0346736593,-49.427297654,point,-0.3677769751439952,B,0.10445746824792931,A,6798.3979360708245,True
1026,750.3389326331,-70.5282900255,point,0.8690321408733084,A,-0.8156464958554093,B,4409.431930348986,True
1027,-181.422123943,-256.277587843,point,-0.1174960848632498,B,-0.6749384248961848,B,665.0764869003542,True
1031,716.9452505139,315.9076835453,point,-0.09749650739486171,B,0.9343209422822506,A,4756.122643615041,True
1032,-367.2654548743,-817.6031711012,point,-0.8669919403755939,B,0.9997982588801807,A,7730.728392437312,True
1038,688.002303222,356.0735539969,point,-0.4172984721674875,B,0.8397456049018736,A,4781.266795279362,True
1043,-807.7159126017,-95.0469297047,point,-0.43729492112874513,B,0.4807761712924383,A,6846.024894061445,True
1045,580.8927457997,326.8341612333,point,0.48224345402462565,A,0.8085150990042268,A,4787.8896089911295,True
1046,90.0596878829,-268.3944953581,point,-0.6295809113030628,B,0.7841660258218234,A,862.1443638708863,True
1049,545.9718229736,377.0101772404,point,-0.08036311515820804,B,0.4188625379478161,A,4849.0214618451955,True
1055,802.7281642161,-490.2749537378,point,-0.3547879251660817,B,-0.09983882193489758,B,9035.786190447117,True
1056,149.2047298716,-932.6976002213,point,0.35530374384995467,A,-0.09896228724284789,B,8281.909661269287,True
1057,-593.02306476,650.0757654921,point,0.22450854869385628,A,0.7617916579267078,A,6135.786810809209,True
1062,-229.1084430466,695.6028165002,point,0.2310184946579963,A,-0.7689210377931016,B,5760.124995565679,True
1063,487.9304525151,-497.8839814416,point,0.08413653838990531,A,0.999998508352732,A,3958.1994769025796,True
1064,-416.7276119771,639.8051911064,point,-0.543402939982768,B,-0.5706368326209472,B,5958.984158770623,True
1067,927.7051758318,-389.7948365689,point,-0.35550259300330156,B,0.9807994049936796,A,9212.729146265243,True
1069,726.8391229818,288.7446217385,point,0.6238388355638531,A,0.9923786039917308,A,4727.21381037793,True
1072,987.557502684,-16.9150818658,point,0.2893245034434391,A,-0.7964766140042924,B,9535.351443081594,True
1073,-549.6168598664,-278.9904954039,point,0.9414920008781875,A,-0.6662820358762543,B,2928.423538780233,True
1074,-402.1045890499,-810.9019737336,point,-0.9056635392882997,B,0.9816328956960059,A,7705.2831744209025,True
1075,-575.2638055634,-2.4688886201,point,0.5208846994246978,A,-0.3209902179354374,B,2678.150810761469,True
1076,643.8567742362,-99.0213303701,point,0.7555548456038621,A,-0.9931729454742143,B,4321.367776417208,True
1080,133.6689726181,-366.9356070807,point,0.8971245244788144,A,0.9976184063941166,A,934.1942498136339,True
1082,-682.5619166285,375.4806797729,point,-0.8171352495608506,B,0.46831988943566766,A,6350.362418350629,True
1083,278.0940072634,-167.062277995,point,-0.23607425676836225,B,0.3916947914083948,A,1082.676613763735,True
1088,-785.1750707076,-139.8970272318,point,-0.6306045620777778,B,0.7612668902729779,A,6889.671888031122,True
1089,-564.9969149122,-730.6156738134,point,-0.2427899958886004,B,-0.07853778155888443,B,7530.388119128117,True
1094,931.1026277676,-433.860839005,point,0.17263986111556284,A,0.8859566926809204,A,9178.413182295124,True
1097,-173.1233230078,438.207501633,point,-0.6676344863203711,B,-0.9921626074838941,B,2088.484858859029,True
1098,25.7037673554,457.6923793808,point,-0.2077085449245104,B,-0.028577882923669005,B,1888.3854050648567,True
1100,-692.5326757035,-601.2891740617,point,0.492079089756283,A,-0.978875552056786,B,7376.035880860501,True
1101,28.689352867,-955.5142368537,point,0.7707332844001897,A,-0.8623437184683433,B,8169.018947680403,True
1102,-283.9264996064,-164.2343515556,point,0.4477753897878951,A,-0.9458163291401604,B,605.1702905263455,True
1108,26.5024994823,-595.5767938759,point,0.1993866074303563,A,-0.7619844287059715,B,3496.884696139737,True
1109,36.2070961199,-699.9903524737,point,-0.37255861661595224,B,-0.9962564643850237,B,3571.0290394923477,True
1111,81.6490776389,-369.9274094379,point,0.7434364928346582,A,0.9284905803426524,A,896.8215188543007,True
1112,265.8374414222,-539.2165243414,point,-0.2159753792756809,B,-0.3732449747531074,B,3724.010666232909,True
1114,-457.1783855229,346.7151460941,point,-0.7303544604958063,B,0.8880071058049325,A,2393.105856476752,True
1117,-233.3868147632,-590.4016005536,point,-0.3424306745730503,B,0.6908169460462215,A,3301.4058654913383,True
1132,224.9524420027,-874.0893142339,point,-0.5309439197248551,B,0.39936904355974706,A,8343.104027815521,True
1133,354.0049444877,-864.5422466474,point,0.33084313368917506,A,0.9997739389304403,A,8479.748536954032,True
1135,344.8275137106,285.1935896942,point,-0.04897121267012472,B,0.3969896608914638,A,1556.9526307341036,True
1139,-122.6872043014,414.4549010978,point,-0.7202262607233465,B,-0.9429889148501741,B,2032.7355261065122,True
1140,-18.1457049074,501.9881835645,point,-0.45531100595473584,B,-0.5209721351482066,B,1950.7143268107586,True
1141,-89.5318900347,723.7183590913,point,-0.0709551630785028,B,0.3209469878753375,A,5615.659272133904,True
1142,150.0469128515,-266.1313397265,point,0.3823598237753847,A,0.9763810435689696,A,916.3450456657605,True
1143,322.7399322729,-54.6570399167,point,0.34548135656658263,A,-0.5120363471651515,B,1195.4798138995898,True
1147,830.3580093612,-445.6681766266,point,-0.7737605101426153,B,0.31281557656953074,A,9085.965554744049,True
1152,-709.1661604264,273.1886432593,point,-0.827937130979981,B,-0.3837690166318919,B,6456.113940843445,True
1159,-491.1404624699,-780.9579566279,point,0.39816287041729215,A,0.7169984959720471,A,7635.760793120753,True
1162,62.7675167882,33.4727754484,point,0.2413830852913199,A,0.49349667946682496,A,61.9326631723717,True
1163,253.1731430381,-645.6098955916,point,0.8796275455741855,A,-0.265664120245394,B,3737.644056527077,True
1164,357.0925937944,109.6861184519,point,-0.6929313425450383,B,-0.8899357612250552,B,1376.299957460768,True
1166,359.2313346667,334.9730085529,point,0.8144187066755557,A,0.7454330792126583,A,1608.9065906965982,True
1167,349.1954468056,294.909689622,point,-0.9443888364954012,B,0.47679740339737836,A,1567.6053973855135,True
1169,676.7366643607,-259.9677531064,point,0.9214553149111284,A,-0.6774446401812307,B,4236.2162728490475,True
1173,-427.7824200632,703.211634696,point,0.6201600919245847,A,-0.5519390017220619,B,5961.695368791337,True
1174,-441.6391052938,328.24015625,point,0.45510133677878817,A,0.8377092757129587,A,2381.1157174010127,True
1175,49.5019230911,32.7437710323,point,-0.4346949976389545,B,0.41822739841050843,A,51.77915672817254,True
1180,-274.5406240099,11.3576229724,point,0.32243950211454675,A,-0.5577590465093996,B,447.9931274479844,True
1181,-302.8438643587,375.3568908245,point,0.1543243771852163,A,-0.3540634906519754,B,2218.517210579317,True
1182,566.8861682745,-823.8200233639,point,-0.6932250892232144,B,-0.15427067799349783,B,8689.382434141742,True
1185,-669.7584977596,-564.411259478,point,-0.4505489312394342,B,-0.9913508367744694,B,7335.532639275771,True
1186,95.0698141161,197.6003557448,point,0.427925209344832,A,0.928148513745315,A,234.26224489569637,True
1188,-719.5570874128,-611.9764038622,point,-0.2718232108963219,B,-0.9722456158125949,B,7379.6649699753525,True
1190,-203.2360355795,-632.9365736341,point,-0.6989114529158866,B,0.2531272204777526,A,3362.2106993156385,True
1191,633.3364033297,374.0624708747,point,0.8876912756920254,A,0.665551995672517,A,4813.496559625765,True
1194,492.9398459547,-362.2076300253,point,-0.5023837938571678,B,0.8829005510618998,A,4017.061829448186,True
1196,-267.0118434517,72.6166612252,point,0.9029536362593229,A,-0.3711465132883454,B,422.620328743045,True
1197,-583.4006586592,638.7212596509,point,-0.3193448089737567,B,0.7306183932882514,A,6130.165159311613,True
1200,-128.7869106041,-524.9252211155,point,-0.16048286114990606,B,0.5320305065665932,A,3325.600445797224,True
1202,-43.0064415713,250.2501643666,point,0.7577535192326554,A,0.6339991251446828,A,294.5854866329888,True
1208,190.014595712,352.459177744,point,-0.9075297753673921,B,0.9998220553556647,A,1694.1961959848425,True
1212,-137.7705556561,-554.3400428871,point,0.3226590079881886,A,0.45143844736426914,A,3336.7148563829655,True
1217,-818.5743642753,-8.6626468051,point,0.014131329159398076,A,-0.12687003387234794,B,6770.574586981314,True
1221,-57.0427760905,816.9147872806,point,-0.41234173857277656,B,0.2634725082073974,A,5622.87235972206,True
1226,564.4056708844,481.4086961139,point,-0.37224403778761794,B,-0.4213041359783409,B,4953.070478600293,True
1227,-415.9171275449,196.8456176335,point,-0.8150485987302558,B,0.9570839676876605,A,2415.1587765800914,True
1231,421.6936379525,230.5733819475,point,-0.8503567178225466,B,0.06913016067827299,A,1516.2667146864794,True
1234,419.2564320228,-440.5081946424,point,0.9728189841056405,A,0.8862013419084395,A,3900.6008592026114,True
1235,289.5963436767,687.7534328304,point,0.3013416444484218,A,-0.03412713005026797,B,5273.779607077158,True
1236,-444.6278305226,133.3092362818,point,-0.3597571830518169,B,0.959075409460448,A,2484.8915986440275,True
1238,-882.6417853335,69.0544807438,point,0.8371917002212026,A,-0.4381970517958155,B,6731.409101805302,True
1239,-201.7082795587,824.5296816599,point,0.3578608408161672,A,-0.7733949777558183,B,5760.9682909275425,True
1242,700.2368914943,29.7793035163,point,0.8979866671190493,A,-0.47472328904540323,B,4464.535468083155,True
1243,63.3432412397,124.8618555432,point,-0.40753507550993207,B,0.9539207095894615,A,151.9250447272824,True
1248,590.2891723143,478.881553311,point,-0.28271007988036123,B,-0.36401716038296567,B,4945.59382137472,True
1249,532.456129935,-283.1462953074,point,-0.18279074728719324,B,0.42121807429590685,A,4094.7277508297316,True
1252,-28.5508259314,-386.5814838127,point,0.24729325351981402,A,0.6710284907010107,A,842.2536472997107,True
1253,-501.6767149989,30.6862591676,point,0.4994061815145465,A,0.30046026132253506,A,2602.3168079422467,True
1255,-579.83036784,24.272741517,point,0.9892841071567526,A,-0.18622786587777757,B,2661.4164021233296,True
1260,-24.1507682417,-555.2357052099,point,-0.09803435089121959,B,-0.40605638141501266,B,3443.096206442541,True
1263,-33.9207613985,427.358725667,point,0.8755488525485979,A,-0.4471074494898772,B,1940.579064674781,True
1264,949.1246669664,-91.8900376265,point,0.4361451014888522,A,-0.18909927814992553,B,9447.60733606034,True
1267,780.3902346948,-601.3071153109,point,0.024496413357470104,A,-0.6866781158741238,B,8956.957691956308,True
1271,-641.5148480643,-589.2267452466,point,-0.8100274278423345,B,-0.9867308630786741,B,7370.897176861752,True
1272,337.2452109059,-200.1792588661,point,-0.5643334641876447,B,-0.021723491820797757,B,1133.5803793850764,True
1274,476.7542223767,488.9515631435,point,-0.22759656010593998,B,-0.6247310937700936,B,4981.858992170726,True
1277,236.2238911099,426.4264514951,point,0.5480356770141719,A,0.9500432125839131,A,1734.5506740327287,True
1281,580.0923551756,-676.0319409367,point,0.9021443120285959,A,-0.520840617093604,B,8736.535969915296,True
1287,324.2950605987,-532.5786350471,point,0.8994330236874784,A,0.11747196508675319,A,3784.0404445896374,True
1291,-774.0544056808,-345.5948631623,point,0.5161363998334234,A,0.4903157832813255,A,7101.33700515307,True
1294,562.8839207476,378.7679398845,point,-0.1709890619969534,B,0.45837373220630595,A,4843.744797713005,True
1300,-236.1286815923,-925.8816465597,point,-0.7727480986771882,B,0.13151930227384473,A,7900.985314284116,True
1301,281.0397570254,-288.2308383649,point,0.014493891939239001,A,0.4850486475367508,A,1070.2030996991125,True
1305,156.236967094,-582.4142081873,point,0.5139574252426651,A,-0.9474838191164366,B,3620.478302243884,True
1308,-551.980651025,-142.254960944,point,-0.8865122847758851,B,-0.9461749714004098,B,2787.8825325230214,True
1311,214.2313964786,-255.2979126001,point,0.5586236365225901,A,0.9477582345945578,A,981.4373730306695,True
1313,-539.7403358729,146.4152125209,point,-0.6763511449519464,B,0.7093198877875063,A,2544.3138825581646,True
1314,694.5704962009,35.4854072851,point,0.5829814016270614,A,-0.4326157904433521,B,4470.206367998162,True
1316,-406.8741675015,-338.7205754595,point,-0.5225800861538206,B,-0.2776324653104026,B,2982.1694901174615,True
1318,801.1000280872,-489.6893323127,point,0.8626493946122891,A,-0.11023786080046716,B,9034.531358393393,True
1319,-186.7127932766,-610.7174831982,point,0.5725417977648448,A,0.4167536374904426,A,3341.3355333213135,True
1320,111.3062206399,812.7070668867,point,-0.2090481526464789,B,0.976139677903679,A,5492.637688465185,True
1322,-380.8571381828,706.5866162475,point,0.7656938132098143,A,-0.8286780928734709,B,5914.648874979067,True
1323,-494.9183541194,-342.8237026745,point,-0.6018166539121772,B,-0.20546258563125996,B,2991.0965849794916,True
1324,-260.9122411561,-43.8840655003,point,0.4961905082570468,A,-0.7641753913349721,B,481.36254813762395,True
1326,-207.2258645903,-532.8366922438,point,0.2906159424130037,A,0.8523232000845281,A,3270.470712217239,True
1327,-507.5923916744,-89.3844253198,point,-0.5402518056875452,B,-0.617788718026552,B,2718.849126802559,True
1331,324.2321558853,-500.6024306653,point,0.18595482919920592,A,0.1546689870893836,A,3788.546272287144,True
1333,248.9704507822,-576.7918583946,point,0.343598428379156,A,-0.44416831439593724,B,3714.6816921731893,True
1335,-570.4769608777,-660.4479366754,point,0.7698396047133691,A,-0.5761707318011291,B,7466.138071067282,True
1336,-465.329406133,-197.3103136455,point,-0.19646399155198568,B,-0.9999924513590185,B,2827.899651175708,True
1338,-492.8625665814,-689.8513063806,point,-0.9469789998737284,B,0.07753049790258539,A,7549.135374348787,True
1341,-114.6682840683,-625.3973689104,point,-0.6153300431683892,B,-0.10888138770566462,B,3406.0117872238097,True
1342,-428.3491160421,214.2131377107,point,-0.9721218007758328,B,0.9591328010220808,A,2416.0172719975753,True
1343,627.5404572042,-759.3999170477,point,-0.08767960855204882,B,-0.6828311163850044,B,8760.991424029797,True
1345,-913.4275764845,79.8997634287,point,0.28395089745178614,A,-0.27148462337839857,B,6752.847901252351,True
1346,178.8527112564,345.4571486038,point,-0.9123383887329461,B,0.9999504619632955,A,1697.6544814457618,True
1353,955.7286634611,-413.110380309,point,-0.7023103825967363,B,0.9772133594678949,A,9210.616026425292,True
1354,854.2288041157,-354.0651254237,point,0.4394147187320594,A,0.833641369542035,A,9166.067035471608,True
1357,607.638796518,445.931159642,point,0.25146273541133324,A,-0.07705723183290551,B,4910.140582993315,True
1365,438.047652876,-828.1391215337,point,0.8356325180429689,A,0.8102123427592408,A,8557.454007933111,True
1370,-419.3746479287,722.2035721941,point,-0.5908248471306621,B,-0.5894541956813705,B,5956.211933938479,True
1376,-231.909591234,-619.5057398629,point,0.3392377041609036,A,0.4966819429078192,A,3330.5474700163186,True
1378,420.0965452525,-872.6180641309,point,-0.6969193355731078,B,0.8443442446529384,A,8550.154911200028,True
1379,297.9125823463,762.7411060323,point,-0.17069709096339403,B,0.42807227815014326,A,5330.958697006972,True
1380,-722.9482974221,-495.8597333592,point,0.002559208210528352,A,-0.6910705205363891,B,7254.3875429481905,True
1381,-159.9139932273,-542.6214339582,point,-0.05597815775590842,B,0.6265763756253055,A,3311.661760312856,True
1384,-741.6270644524,-382.8649783994,point,0.1783891307656924,A,0.19920679413542702,A,7138.765439156412,True
1386,346.5030823855,704.9531409801,point,-0.13326000725923848,B,-0.1857361648272926,B,5255.457136765254,True
1388,72.3484566268,67.4434221924,point,-0.7671299562472842,B,0.7016464527730993,A,93.32467255395684,True
1391,-252.2091836949,-588.2683710021,point,0.8633371524359041,A,0.7144898290955163,A,3297.412707848536,True
1392,-882.3430772449,67.4501111679,point,0.2809397308700776,A,-0.4328922011035597,B,6732.116285642124,True
1396,85.0592530864,702.8530238457,point,0.508614001391027,A,0.9677642448598853,A,5435.8192784348,True
1398,-160.0115992958,-654.3834468235,point,0.003610321434529329,A,0.003348487655646786,A,3392.5182466074057,True
1400,-89.0019032003,-673.0752024917,point,-0.7318635169717478,B,-0.5326673223662262,B,3460.3299584198253,True
1402,-320.6911117169,-544.9385378379,point,0.9884250524252562,A,0.995733013825421,A,3215.5139924850264,True
1403,13.2119269961,243.5421089911,point,-0.915003956368567,B,0.7921788886207324,A,267.2665951318157,True
1405,-478.407429961,-290.9663296872,point,-0.9438935317924488,B,-0.6892106724274141,B,2924.6810554232407,True
1407,-19.7839813752,-623.0715259186,point,0.4248454665590322,A,-0.631299725061291,B,3474.907422267024,True
1409,624.1767854812,300.7636382595,point,0.16290068927968515,A,0.9725513964209557,A,4740.569876998805,True
1414,-249.4738474244,449.5585482905,point,0.6285315897947019,A,-0.7088285361054609,B,2167.40638258612,True
1415,-279.8832707511,377.1684623158,point,-0.23219552726570236,B,-0.5226733334714163,B,2195.9486664776896,True
1421,850.815663982,-358.5951314704,point,-0.019622310727072323,B,0.8066148368149397,A,9160.395132761281,True
1424,-287.3151656625,-845.2252314398,point,0.8822112557362563,A,0.7716884992244419,A,7811.034475531555,True
1425,184.8666925702,753.5331782759,point,0.766256135547474,A,0.8577462815121363,A,5401.579993704512,True
1426,608.2507292173,-220.1894208923,point,0.07774023735215274,A,-0.37676834418949146,B,4193.258909944415,True
1429,294.4845596307,610.3483092555,point,0.6502790245927408,A,-0.5918561561432161,B,5201.872494284572,True
1430,913.0459151597,-236.8300492736,point,-0.7059044096866796,B,0.7952464840158476,A,9314.44827855772,True
1431,-847.6143347791,-18.5985767404,point,0.3757113300576491,A,0.12820589150694586,A,6801.267299317319,True
1439,588.2627308749,-390.7563477442,point,0.19401903943615495,A,0.5282710164909269,A,4080.114747530566,True
1446,-294.1157745463,94.1046701773,point,-0.645528905509593,B,-0.5531195588456247,B,447.3236121252679,True
1449,309.9499343605,-274.4604608922,point,-0.7864086245404163,B,0.3662895039143511,A,1085.971166178919,True
1450,-293.3765166239,683.3131962186,point,-0.9330193092078423,B,-0.989012881509414,B,5825.557556634332,True
1453,-366.6033112385,-770.56397724,point,-0.20114730658396618,B,0.9762119384256017,A,7702.09141984227,True
1462,-837.8292193943,160.2388909631,point,-0.9976873371023256,B,-0.9425845476724479,B,6638.205742658208,True
1465,676.2123060853,289.0387176798,point,0.33582091742183984,A,0.9999769893020972,A,4713.203050800059,True
1472,-535.2041323882,569.9211573653,point,0.14356076988312916,A,0.5633440786791745,A,6103.669215678356,True
1473,236.9099073009,-918.9705920164,point,0.8220313649092179,A,0.559230344878249,A,8365.019458540703,True
1475,-671.6658688627,580.2423414338,point,-0.9636230202230569,B,0.9914590994209573,A,6236.048322118434,True
1476,-387.6356983816,291.0379715321,point,0.1859907643885026,A,0.5395823176251147,A,2330.3396223162313,True
1478,-326.2381206248,-824.4134342222,point,-0.5972320518158789,B,0.9335299770843153,A,7772.317114939902,True
1479,820.1463938066,-402.0013474406,point,-0.4515459785692433,B,0.47547413198629873,A,9107.247190957827,True
1480,-709.755013893,-628.2797765533,point,0.36745581667072535,A,-0.9231205519164696,B,7398.688129712696,True
1484,-497.4272385978,-421.7048832452,point,0.6270438569409975,A,0.4124217584752408,A,3066.942248210853,True
1485,-272.9952970719,-169.3019658224,point,-0.3100927299484042,B,-0.9379586762651634,B,607.9787690421692,True
1486,-845.8357760802,-202.2474363559,point,0.424663478374381,A,0.9948385214751371,A,6962.138206230787,True
1491,-135.2338017511,-547.2818155316,point,0.807046257010452,A,0.45096804218095965,A,3336.778109723381,True
1492,403.4192037233,667.9892054715,point,-0.44474236389581945,B,-0.6833709421907606,B,5187.591258767375,True
1493,207.159766972,-852.5438359706,point,-0.2907567834314837,B,0.1770357571749118,A,8315.161463181214,True
1497,382.6132405077,312.216857744,point,-0.6612907809073896,B,0.6226745207789152,A,1588.6232027428935,True
1505,-498.9747860541,210.8840159656,point,0.591003377552799,A,0.9893778114789442,A,2467.9483303798843,True
1510,647.776965898,-725.1395037362,point,0.6154966492556766,A,-0.7720604247262833,B,8776.644934888782,True
1512,-121.4253200526,-290.1116453106,point,0.5092529234860819,A,-0.3347594233807116,B,713.0202474672927,True
1514,-400.26973249,-466.056696267,point,-0.688146154437385,B,0.7599802954708162,A,3119.5228831227437,True
1517,65.5560297402,36.7820969095,point,-0.8987087733247765,B,0.5245344232897473,A,66.26018128514359,True
1519,303.0755961048,-277.8313003875,point,0.21057638942238066,A,0.3905808004254541,A,1082.8218645124214,True
1522,469.2811524064,658.0111361314,point,0.4298738882391344,A,-0.892041645657678,B,5145.65454529862,True
1531,-876.4747908173,192.9414960851,point,-0.08941272565087144,B,-0.954709857648439,B,6633.598158780934,True
1532,713.0648560776,-625.7845134804,point,0.889366631267444,A,-0.969560314159367,B,8888.9754029302,True
1533,-672.3272275249,-458.3358969305,point,-0.16875810683506898,B,-0.5522004352397576,B,7233.031401734885,True
1536,-103.2376508522,-667.4440640401,point,0.8515181813294168,A,-0.46366324619496363,B,3450.775099800443,True
1538,-18.2490307989,843.313990368,point,0.41532934714794223,A,0.43321749267199566,A,5601.099623945408,True
1539,182.207408656,432.4692433909,point,-0.42265341853458294,B,0.8301183312993892,A,1767.4372076231662,True
1540,-634.8734178958,-683.8760754271,point,-0.7124017871253152,B,-0.593733046130719,B,7463.53954273319,True
1542,-65.9643739659,-619.7640411831,point,0.4115389677623451,A,-0.43566179648803055,B,3447.012872109733,True
1543,-663.433663987,-641.0067578861,point,0.4916609283612632,A,-0.8309865366774509,B,7422.1169178947675,True
1544,631.1125440022,-358.066556115,point,-0.04880792505499132,B,0.10722693481852114,A,4134.010285024918,True
1547,121.468728293,68.2288847561,point,0.6976592210516173,A,0.8116249633930849,A,113.63140609891619,True
1549,490.3178640013,558.2750242504,point,-0.45998514650726907,B,-0.9209342481825799,B,5041.341056871965,True
1562,196.5413273833,664.8702865992,point,-0.05712581880602774,B,0.30114193670984496,A,5314.582452588953,True
1563,-50.2864954312,507.5702741986,point,-0.6059523321359972,B,-0.7274842373262584,B,1982.7133713014707,True
1564,271.3781929615,-885.435351142,point,0.1815561150063505,A,0.7038006803294552,A,8387.492624680708,True
1566,85.9997185547,-380.075251963,point,-0.5516178216556091,B,0.9586832555680268,A,907.8626593883425,True
1569,403.5428308831,612.7528160857,point,0.25660080985627265,A,-0.9365567666296437,B,5132.354731033869,True
1570,-759.4710236688,-232.0103043678,point,0.6072177742673346,A,0.9946163236145937,A,6986.793186826873,True
1572,-835.8658137899,-115.714792681,point,0.5265382040010635,A,0.6957273953402376,A,6878.1719788116025,True
1573,71.5009915664,-965.8833897448,point,0.8839844123243994,A,-0.6231794794936993,B,8213.068416914515,True
1574,263.7047867089,-911.4689156028,point,0.2585892647280401,A,0.7347741210413986,A,8392.844639789055,True
1575,-411.5116448273,233.5681530592,point,-0.30071791191752206,B,0.8772675897802249,A,2390.3634797623154,True
1579,-484.9673842012,654.6211441145,point,-0.9204851926523117,B,-0.004344902427785164,B,6031.336504960578,True
1580,-791.0636948739,332.5633032007,point,-0.9451657331362076,B,-0.46865707876088875,B,6467.381408082522,True
1581,-769.0967517085,-399.0175406046,point,-0.19471377609031304,B,0.030630890567964145,A,7159.1549682842,True
1583,93.7140161402,88.3956692571,point,-0.33218739311819867,B,0.8472803784592015,A,121.30126758759604,True
1586,84.0030348464,-984.0872594542,point,0.8215624413720486,A,-0.4695422218410667,B,8235.15193924615,True
1590,-196.7982863089,172.984615613,point,-0.8971160521462875,B,0.21847862199531154,A,350.5604997192064,True
1591,-881.340979724,184.8456892021,point,0.7631195493384604,A,-0.9291371965768888,B,6642.791445195642,True
1593,320.1342153625,676.2767060997,point,-0.8894991475793597,B,-0.2891202340491222,B,5242.678734564873,True
1594,394.2486620384,-505.8935357532,point,-0.12430334458704495,B,0.6756891538937644,A,3858.9390817454982,True
1597,-335.752485525,311.3445219498,point,-0.46939959073387194,B,0.10487200983428238,A,2274.5545346224344,True
1601,462.7065066853,560.6051217115,point,-0.11068321515821622,B,-0.9649361692677624,B,5057.5085503379705,True
1604,-329.9881060728,797.6568480534,point,0.07755821561368736,A,-0.9404751709668725,B,5884.974806183095,True
1605,460.4794434607,520.6487320489,point,-0.6681458302750056,B,-0.825853067012184,B,5017.490143504666,True
1608,574.2285821974,571.8228778876,point,-0.9647047581809025,B,-0.878349673631326,B,5029.572388639128,True
1611,328.6694317584,672.6804620486,point,0.5034771878545372,A,-0.36207245255933335,B,5233.416829242537,True
1620,415.5293849759,-457.8876429045,point,0.2735166239241851,A,0.8445060333249386,A,3890.588240433145,True
1623,-638.0377453049,-555.8653018035,point,0.6168460941235199,A,-0.9932294995018889,B,7337.355022008395,True
1624,23.0501865277,-946.0990750494,point,-0.23621272079980526,B,-0.9049817643522815,B,8158.044182589366,True
1625,-140.0299429902,-313.5359087869,point,-0.2676824181536599,B,-0.2163952287147869,B,727.8077535991424,True
1627,-370.8155001585,-484.4402917103,point,-0.4732158223327205,B,0.8649512597605653,A,3141.3353366706156,True
1628,-692.7830672654,-425.3429994645,point,-0.486974918718851,B,-0.2585331135318306,B,7194.211655951443,True
1631,400.453086226,-133.3367760149,point,-0.9438703341987675,B,-0.5925617388145785,B,1207.0815966791372,True
1638,-230.2036591448,-937.4281960773,point,0.14579628019315916,A,0.02374913830375447,A,7913.963322481284,True
1639,706.0730088787,1.1428658719,point,0.6309339642808214,A,-0.581537513678946,B,4449.41933680466,True
1640,-638.2687705004,601.8785676043,point,0.9456406903170047,A,0.9799035842361979,A,6196.255201332019,True
1644,416.5663449954,-855.7678666416,point,0.3086863565218918,A,0.8750853998267246,A,8542.922254416051,True
1649,-6.6986265393,-963.5183345416,point,0.35481289992291565,A,-0.939983603821769,B,8147.094735398615,True
1651,932.7813893746,-137.5554971853,point,-0.0877101912103726,B,0.21273498540218072,A,9399.053180726973,True
1656,-430.9161385095,177.0663962722,point,0.723384256897198,A,0.9962031295229857,A,2439.9819094922664,True
1657,977.4714573767,-82.7862065255,point,-0.6932146005939215,B,-0.37757029910009504,B,9471.238476827939,True
1662,-904.8245843265,-164.7181866669,point,-0.08773630220064366,B,0.9953581133392985,A,6962.768932988788,True
1665,-300.7419317035,-132.5445526561,point,0.3968963492463453,A,-0.9815546239122196,B,588.5706120007478,True
1667,303.9279582724,-599.3929338844,point,0.8254936250377902,A,0.046661475312162685,A,3775.5125952529593,True
1668,258.8212175599,-250.3642388413,point,0.7057842904271587,A,0.765799546400797,A,1026.299308798318,True
1669,637.5578032264,204.2922519997,point,0.25186925587618836,A,0.8192416747144382,A,4639.103905799275,True
1672,192.7114268562,776.305449423,point,0.9565611099659457,A,0.8738636253364844,A,5405.446876481667,True
1675,642.6275179314,374.8327947153,point,-0.42594461886388646,B,0.6412261952925773,A,4817.353120670812,True
1676,-192.755870534,-264.2021336028,point,0.3743162378674818,A,-0.630236192133864,B,672.1593504032488,True
1681,-200.9373652704,717.9611892181,point,-0.22205132705949726,B,-0.5761427679927074,B,5728.546968423171,True
1683,555.4262682873,518.5760906878,point,-0.43852477911441623,B,-0.6842115023916004,B,4991.3071742003685,True
1686,-151.7715132103,202.305875239,point,-0.5330634981801303,B,0.4041886328244578,A,327.0601261840778,True
1687,948.7520714334,-13.2660516487,point,0.7031815160010868,A,-0.7244177573403652,B,9522.00068963257,True
1690,-367.8536217181,-471.6731922389,point,-0.1654026901650063,B,0.8050947572316791,A,3128.2291719834034,True
1691,458.4708852323,585.8782666103,point,0.6395654693193862,A,-0.9986744517769758,B,5083.200760195479,True
1693,138.4327753833,-866.5481642689,point,-0.14036117669512094,B,-0.3954156192726537,B,8245.022169030788,True
1695,636.1229845021,-160.8731574981,point,-0.8022383285697392,B,-0.804262528034796,B,4259.034318124544,True
1696,507.3398092085,455.601987865,point,-0.4042398409562833,B,-0.29331609351148796,B,4936.607779003542,True
1698,109.0001399992,406.8228771934,point,-0.6769143884106525,B,0.7075433816704948,A,1790.6336960938468,True
1700,-759.1161215724,-392.2265565708,point,0.8261707181808926,A,0.1115649120700791,A,7149.415531654317,True
1701,-56.0350192134,-906.0057368886,point,-0.38485407917452186,B,-0.9547856901617094,B,8069.0860564943705,True
1702,-84.3174824422,792.2307399575,point,0.01942845537542448,A,0.11098277463199216,A,5641.521350959821,True
1703,126.6390956334,759.0381090378,point,0.9214776438772687,A,0.969833815139611,A,5436.82143552616,True
1709,595.0897949661,-311.0206256274,point,0.5962260364818548,A,0.1052525565065976,A,4134.248558963595,True
1710,-657.5891673484,432.617422163,point,-0.7080037794807676,B,0.8100815450324111,A,6295.5340715011935,True
1711,702.9196596413,-683.259696158,point,-0.1493285789757144,B,-0.9991719023754626,B,8854.407380596243,True
1713,-460.1502220588,642.0407096487,point,0.33039880405967015,A,-0.23434861985786906,B,6003.472077897954,True
1714,-151.9996793661,750.1919204269,point,0.5931116262712581,A,-0.31764109642205995,B,5693.655661193113,True
1715,-324.9339472284,396.8270289988,point,0.07587584836326666,A,-0.14451466369692134,B,2244.5440142058533,True
1719,-200.3797453769,-646.6206707825,point,-0.1973863385433634,B,0.17236107257306327,A,3372.132932122049,True
1722,-245.9741324801,-560.6832784404,point,-0.9618620649335199,B,0.8581058846947248,A,3269.1317390658237,True
1723,23.0401364453,132.8370725348,point,-0.3067840056104112,B,0.9621562012418056,A,155.3768942648075,True
1726,72.9396022949,506.8016272881,point,0.39052983128841334,A,-0.14243221436107348,B,1902.105782175014,True
1729,-353.007939707,305.9898189988,point,0.9404666718718591,A,0.2528503040662874,A,2292.6217298314464,True
1731,-327.431879948,-809.352244011,point,0.8500951561323034,A,0.9711395739787222,A,7757.217916814639,True
1732,864.4924452844,-577.4845368179,point,-0.7947945802811802,B,0.11905326645704584,A,9062.107199858758,True
1739,-544.4333635302,247.7997926149,point,-0.15007482964119712,B,0.9047595032646069,A,2503.240060979709,True
1741,878.7391095164,-498.8401941012,point,0.2961220847875816,A,0.38691817728266464,A,9095.461295809713,True
1743,-605.3960328692,57.1490996662,point,0.7128891239434196,A,-0.14350451920840107,B,2656.218031206351,True
1750,-633.947245468,-621.8427991973,point,-0.006283610420318331,B,-0.9038522215195531,B,7404.379643682022,True
1755,-39.7425892627,-939.2123633994,point,-0.5544397636981151,B,-0.9999796711874535,B,8106.074207542054,True
1757,426.4234453649,-36.9660823034,point,-0.9851214623544251,B,-0.9641779212278052,B,1287.252538922618,True
1759,-322.3821201739,-69.9457155165,point,-0.7054397502232976,B,-0.9880993535959794,B,546.9550672486436,True
1762,180.1837943407,724.6140411431,point,-0.45765425739386023,B,0.7129357392976111,A,5373.116767218079,True
1764,-692.9852976279,-609.1448726999,point,-0.8047565216895574,B,-0.9729995139296739,B,7379.27566879014,True
1765,-289.7633413722,-461.1355264489,point,0.6578765741501533,A,0.9052139345414584,A,3151.7548929319782,True
1766,898.4163104267,-534.2194299243,point,0.7281413152721328,A,0.5459270703861704,A,9117.086269519017,True
1768,-10.3965200067,179.3824913345,point,-0.5444723342439424,B,0.972747754292844,A,216.57501255781094,True
1769,451.0871989674,-10.7474826936,point,-0.3751617431789176,B,-0.9995040011361198,B,1323.2485901958319,True
1772,-442.8919585708,-396.8563260908,point,0.3296338860219017,A,0.18537928014748334,A,3038.3038856590283,True
1773,-345.2148152838,-555.8776891709,point,0.8770694915413997,A,0.9923327641119754,A,3219.2939097150015,True
1774,-199.0909889964,-954.075840821,point,0.21636208143477043,A,-0.26702384568539766,B,7949.249896688419,True
1778,570.2096748864,-382.6415898965,point,-0.9757317476697922,B,0.6390258419965271,A,4063.7145685801343,True
1779,398.355745776,214.5584371671,point,-0.27260444504013326,B,-0.09506538067406015,B,1496.539374855712,True
1782,611.2067034297,-806.6413085167,point,0.28530910966167,A,-0.5235398238845659,B,8736.915770656706,True
1784,-295.4198734727,-149.338522636,point,0.9834715963734355,A,-0.9662186579593679,B,596.7665465292346,True
1788,-191.3624070598,-650.9344192059,point,-0.8211016007430028,B,0.09236574196721609,A,3381.8203557882625,True
1790,335.4361575374,-503.3452640782,point,0.35100678727694157,A,0.2487758441405711,A,3800.081123311374,True
1792,-33.0143021815,461.6350277963,point,-0.8011064570120632,B,-0.4960127863544141,B,1947.2356911021266,True
1793,287.9552198557,-319.9790514422,point,0.7686839654400885,A,0.4928507784122883,A,1069.129789006895,True
1796,-454.671303029,-859.7639811756,point,0.2887278785780507,A,0.9728988986268743,A,7700.31680505859,True
1801,-196.1190140593,-241.427101154,point,0.33528915580443064,A,-0.7663589803201276,B,649.2037446456653,True
1802,-4.8103823372,128.8210817271,point,0.5760695023742006,A,0.973142857176041,A,160.62132388458525,True
1806,29.646544735,729.3283456891,point,-0.9727233879615,B,0.9671130317025615,A,5497.231906725315,True
1807,562.6877959568,437.801150572,point,0.1358815713039594,A,-0.07777567819691826,B,4910.227056078219,True
1808,-770.9197156249,-187.9573018993,point,0.7753352999884155,A,0.9665308939042474,A,6943.201535509267,True
1809,523.6896047598,-741.3794826939,point,-0.35273540236627854,B,0.07248595852770962,A,8662.089773683021,True
1812,-382.0093512621,430.3621915915,point,-0.6709949204113779,B,0.3320822637798109,A,2302.567941849918,True
1814,-711.3518465621,427.0208174257,point,0.25778799250634243,A,0.5092112608374266,A,6344.736842924194,True
1816,59.0717056506,-626.6499501107,point,0.0904872691909453,A,-0.9538138283196306,B,3544.8023906468425,True
1817,990.0740205936,-204.2193319825,point,-0.5975201041404368,B,0.426792819722406,A,9371.864752556045,True
1819,-407.4725787437,280.9988747205,point,0.7041724812768799,A,0.6854430432875298,A,2352.572150001876,True
1833,-584.3019750946,-571.7972143315,point,-0.5608245246452819,B,-0.9708735127155961,B,7380.360356411117,True
1838,-629.9774627552,-546.2495266495,point,-0.03437771180267957,B,-0.9895845619735333,B,7333.992254985711,True
1840,-315.8059062564,711.1315475508,point,0.6665060236923195,A,-0.9987180985388905,B,5849.439066087352,True
1845,880.5726057827,-510.190965707,point,-0.9315110580539268,B,0.3909393473092705,A,9095.98507507825,True
1846,-409.5375520801,344.516721553,point,-0.8283269258525445,B,0.6389559891392962,A,2345.1235474637215,True
1848,749.4733965641,-695.6131318575,point,-0.9866765351694773,B,-0.9462470389374099,B,8898.815410042576,True
1850,633.7875004753,-163.0653195978,point,0.8813342374536357,A,-0.7881150823984362,B,4255.831185234576,True
1851,-744.7821328831,362.1264354933,point,-0.8679881766582855,B,-0.030117294664934985,B,6412.4636352648085,True
1853,93.5658137373,43.3275018615,point,0.44085252842807443,A,0.593397924222985,A,76.2328565178673,True
1854,464.4540823515,-864.7962890965,point,0.60639185482442,A,0.5870103383233702,A,8595.512401833294,True
1856,-775.0973843155,291.9710272253,point,0.5754215011749577,A,-0.6419976826160865,B,6492.501129698192,True
1865,-270.8486568725,107.2513000755,point,-0.5193477303348475,B,-0.35545510302626815,B,420.59922920392245,True
1868,-552.3529668406,-15.1973056505,point,0.2916152888521497,A,-0.26835583353557463,B,2671.5401314499295,True
1869,272.4801580249,-248.0821245169,point,0.1372006011878446,A,0.6866576506393648,A,1040.147583074055,True
1871,88.8588375656,-904.42491903,point,-0.7621020068485476,B,-0.6087332662992655,B,8215.2690488775,True
1874,207.4986560028,391.0906928645,point,-0.780797588256829,B,0.9825020573699306,A,1718.941520845651,True
1875,-523.8445890711,-243.6952951487,point,-0.809945667944888,B,-0.8656981946294532,B,2890.343727049343,True
1878,-460.6643296684,-237.2348457994,point,0.990499593199105,A,-0.9431363831327232,B,2868.0958102724226,True
1879,-522.3932270445,276.3425722411,point,0.10127161044366617,A,0.9592214120996089,A,2484.8296682309106,True
1880,-227.9461975254,-951.1941004443,point,0.8006652519100232,A,-0.09236492501928249,B,7927.913098680366,True
1881,-492.2585407101,-728.6687134652,point,-0.4617239745139068,B,0.39047875556826267,A,7587.960557731323,True
1884,-441.0715453463,202.2547481477,point,0.24208252959938825,A,0.9900235840266948,A,2433.477606712031,True
1885,-45.3017634139,-324.5696503355,point,0.411223722701229,A,0.1608789797666076,A,773.3719771150063,True
1887,714.3923941126,-732.3348920134,point,0.5579608711914485,A,-0.9955998298299825,B,8848.029935722161,True
1891,434.4606601988,193.0302442338,point,-0.362457532999376,B,-0.2583069993534693,B,1476.6121557250262,True
1894,544.3658277324,-426.5141518846,point,0.8594448535456534,A,0.7660394945408242,A,4042.183471449143,True
1896,-555.1029411983,111.0313638734,point,0.04471381345433523,A,0.4530839443632061,A,2582.511223746578,True
1898,-30.8915156435,-259.5908398466,point,0.7364399870713898,A,-0.16516476231042387,B,734.0712289844997,True
1900,278.871663623,317.4488084377,point,-0.36699359048261315,B,0.7461620537709102,A,1609.0379034557313,True
1905,-830.512364724,332.0209550487,point,-0.6371236549047443,B,-0.728780930278747,B,6506.833805911554,True
1907,309.446004054,329.5805886389,point,0.19088967164234716,A,0.8055206999111267,A,1620.3509131920994,True
1909,-328.0656000342,-812.0519528237,point,0.7434246557613455,A,0.9653689756733697,A,7759.991006935969,True
1910,-872.657232122,33.2158380586,point,-0.6524028895173151,B,-0.22543538643105257,B,6758.553343356135,True
1911,711.0421943249,122.1178060809,point,-0.5075275121953786,B,0.2797367863762307,A,4557.915813886378,True
1912,-386.1986682154,-801.3684619116,point,-0.8377296518267945,B,0.9824265077299705,A,7705.787816062848,True
1914,-182.4681624302,789.3534212425,point,0.847830086423182,A,-0.6043565832997743,B,5732.741740268739,True
1915,-182.7930906255,445.5110990944,point,-0.09174240508209164,B,-0.9745111920994651,B,2100.602900848496,True
1916,-840.7313764895,-365.92659006,point,0.008260513826269023,A,0.2517955383193436,A,7132.287035259179,True
1922,549.4237107658,471.7537050195,point,0.6616005364733826,A,-0.37242145870829874,B,4946.678556863023,True
1923,-221.1231241042,828.4058081825,point,0.22700669491942183,A,-0.8670062386470294,B,5780.766284400244,True
1926,-321.3943600081,-38.9159657448,point,-0.9237245002655547,B,-0.9185519893181109,B,516.7193208870308,True
1929,-81.0449517038,770.3622559199,point,0.02984660418010332,A,0.29119760173286613,A,5619.4093620954845,True
1932,-16.4815981037,-326.7609118242,point,0.8570888547525295,A,0.3410494909009494,A,795.7462085713266,True
1933,-799.2438389157,-12.9866657828,point,0.00645566680374432,A,-0.19507402810936994,B,6762.280180423528,True
1934,92.773121112,453.2306194897,point,0.7395920963462934,A,0.4071327736645349,A,1834.6380704013663,True
1939,255.7456717329,697.1348477481,point,0.37675597739638,A,0.20832346312857045,A,5303.058918107286,True
1940,-530.0818974854,240.7469269942,point,-0.4018893309784246,B,0.9533276922682674,A,2487.249204495496,True
1941,-749.5751728795,249.3661507478,point,-0.9822408036069068,B,-0.7159577919536055,B,6504.60842002059,True
1943,369.6174582816,-49.5976872545,point,0.4531670060527031,A,-0.7292020462434073,B,1229.031971458473,True
1944,223.4526560838,643.7127065548,point,-0.31769562018767683,B,0.02061781249130129,A,5280.349970853596,True
1947,-201.0146764921,515.1954745044,point,0.5173455285050792,A,-0.8278978459713716,B,2144.904796231819,True
1951,-80.783388402,238.5416523869,point,-0.38630802123469654,B,0.568584357750717,A,304.4170449642597,True
1952,-76.6763235886,-842.4160667085,point,0.9510873332720748,A,-0.7998659178598142,B,8028.0621007721375,True
1954,-194.0679698472,121.1732040081,point,-0.9714977751467422,B,0.31423437425424966,A,338.6331101773143,True
1955,292.0206933618,-558.9532006379,point,0.7707639696171931,A,-0.10904783473694389,B,3756.799369674268,True
1956,697.6522008013,20.2125978409,point,0.0759087689813891,A,-0.5457053225068728,B,4454.625751464694,True
1957,737.9407081294,-616.8734870115,point,-0.18386854408458153,B,-0.9059804079722307,B,8911.744040991716,True
1959,-617.482563687,-703.1430978584,point,-0.18293354387084637,B,-0.40721150336490736,B,7489.494503019809,True
1960,12.6480228616,-989.8824577803,point,-0.08997963316457791,B,-0.813458170262558,B,8179.795803228071,True
1970,-526.2967325655,-23.8765519355,point,0.9207712147735352,A,-0.24510255362668626,B,2668.6528855766874,True
1972,919.8966096673,-251.599117787,point,-0.45104620038213805,B,0.8133764586843579,A,9310.786015520842,True
1974,976.5428991755,-62.6348226994,point,-0.15607789736420252,B,-0.5051425723390804,B,9488.323619483845,True
1977,643.0999881563,265.3923639579,point,0.0025353434486117266,A,0.99505882297359,A,4700.454859297177,True
1980,229.236990629,742.9099380063,point,-0.9371674944617536,B,0.6057172424068065,A,5355.955695532897,True
1981,242.6377945865,355.9397878894,point,0.2874811942509401,A,0.9602535160531652,A,1662.5135587505583,True
1982,-251.4259470754,-463.9741911838,point,0.19578583253185267,A,0.9929799233835276,A,3190.1972370195267,True
1986,504.6261601265,-498.7040510952,point,0.9370564565734754,A,0.9905519687324863,A,3974.9153127142317,True
1990,906.8822455337,-176.6794880718,point,0.28461320074820207,A,0.569066478298493,A,9352.133543957507,True
1991,323.5429313707,595.9043416461,point,-0.613865502184032,B,-0.7856699096192111,B,5169.422268268696,True
1994,876.4092921765,-245.6002800792,point,-0.497268238768108,B,0.9436015805123532,A,9276.776550537936,True
1996,278.9847261999,-134.5396688681,point,0.606191349743316,A,0.21974400722113088,A,1104.3871085599092,True
1997,-18.743424143,163.7487508256,point,0.7274124864526377,A,0.9962777330704295,A,198.85257900707637,True
1999,-729.1984620932,-616.1721019243,point,-0.45739625069608447,B,-0.9696270498499043,B,7380.9782049925325,True
2002,-216.0473949359,-497.3162384245,point,0.8411075500463274,A,0.9700428077290002,A,3233.8712308388453,True
2011,-65.7674700666,720.7067251906,point,-0.7160286192264291,B,0.4830661305914353,A,5594.3683977537585,True
2012,-538.0160286225,-230.4808556281,point,-0.9024488276383942,B,-0.9106512439005956,B,2878.5460444894475,True
2015,640.7342788989,301.2303434958,point,-0.9002804453855604,B,0.9806307844458063,A,4736.045767294084,True
2016,-430.9552540529,-259.6678200323,point,0.7204817838007613,A,-0.8268829960540777,B,2899.1038710928287,True
2017,667.6452200712,-16.7113601756,point,0.10586155694149602,A,-0.826985967422179,B,4407.0463697101895,True
2018,86.8146821831,-624.6017274477,point,0.36984582835825,A,-0.9973155191706817,B,3572.620873045422,True
2019,-767.1067438224,-301.0046425127,point,0.03172995397910605,A,0.7761397985430584,A,7056.2087680627665,True
2020,-184.9624365469,-964.1216708398,point,-0.19856245444220155,B,-0.4029790323749533,B,7966.5858332101325,True
2021,-770.3690655714,34.229799746,point,-0.7268569262643392,B,-0.5809146863431711,B,6711.457893791314,True
2026,49.9637253641,-899.1814771055,point,0.5375885118851504,A,-0.85033399648586,B,8171.81024755107,True
2027,754.2133191393,39.5691215657,point,0.3488976289022434,A,-0.10216940380247524,B,4511.611661806461,True
2028,-378.5516260359,238.3078496827,point,-0.7729951675255324,B,0.7254193680577748,A,2359.3439273953018,True
2030,-185.9970464705,186.9745666029,point,-0.256038964438716,B,0.1929693296215798,A,353.68862335194285,True
2031,-214.0387497867,518.3787840286,point,0.770979975226102,A,-0.785243634321193,B,2153.5759701620464,True
2035,957.8737659824,-314.0539384724,point,0.8420647318066325,A,0.9289646040448256,A,9281.78525745201,True
2036,-687.4037831002,351.039791774,point,0.722695984851663,A,0.27612116668798337,A,6375.278290342284,True
2047,-216.3223920951,-552.3776795349,point,0.31400238291659566,A,0.8305752883317044,A,3275.303278197401,True
2051,746.295543326,-645.2509489625,point,0.8343809858650804,A,-0.8980879762857947,B,8913.938517838205,True
2057,-891.1726629999,96.3339489257,point,0.2117397276657671,A,-0.485018565026155,B,6725.074004142213,True
2058,-886.7091085689,-297.1540385908,point,0.38005176978778077,A,0.7244103349544124,A,7065.609813360066,True
2059,341.6555238402,-811.6531445331,point,0.9679174505983135,A,0.9792774262029883,A,8457.828081974523,True
2061,289.3975318844,397.8661094843,point,0.8531301581350148,A,0.999627288644834,A,1693.1836395126186,True
2062,779.9365852222,-603.8986601798,point,0.7563624580054482,A,-0.6942680077673127,B,8955.698560942526,True
2063,358.5100096362,94.5770853136,point,-0.8992721125231313,B,-0.9403527615362403,B,1361.1245843173215,True
2065,-799.0461075901,-452.698087451,point,0.4105556303537585,A,-0.4576049602974482,B,7219.867215889659,True
2069,-653.106222404,-631.4976306417,point,-0.4092334418841834,B,-0.8902374832646769,B,7408.078415460374,True
2070,-199.2761857656,72.8708114267,point,0.014788926737216546,A,0.22093752876291706,A,350.2580404245819,True
2073,320.7660920637,165.7829749738,point,0.4385575923413987,A,-0.5438844777895079,B,1438.9573685970372,True
2074,-873.5470480628,194.8758084435,point,-0.2076422911588769,B,-0.9630010421898922,B,6630.089135849064,True
2075,675.3685038248,250.2983519914,point,0.907580275833499,A,0.9504459809192125,A,4674.45349679068,True
2082,-820.0712930234,-129.7609863874,point,0.47260467030715514,A,0.7233213412934578,A,6882.872162029838,True
2083,-20.9232880696,123.3214436258,point,-0.8566099487853014,B,0.983874741846953,A,166.9163807155329,True
2085,278.7363435788,-302.7933336273,point,0.17043402231815707,A,0.5375823704107802,A,1062.8652780204272,True
2088,317.4424809479,-933.9068786689,point,0.996678556190636,A,0.9570143876595137,A,8446.987872348996,True
2091,-809.084325284,-452.6473448256,point,-0.29922484549561035,B,-0.4303466075063851,B,7216.216457158905,True
2092,712.1982709442,-633.750441304,point,0.821136075666085,A,-0.9837373039998021,B,8880.962477379302,True
2097,-169.8592972769,-515.1356090605,point,-0.7493141572517918,B,0.7912526079782433,A,3283.3774964546283,True
2098,533.7063231561,-795.7898893287,point,0.5061274059324194,A,0.07587701807863746,A,8661.681722056506,True
2099,871.8571328976,-394.8993465057,point,-0.10605873540932276,B,0.787769173024789,A,9156.648312451229,True
2100,387.224027936,-495.3608355431,point,-0.25478730016080564,B,0.6713639413377681,A,3858.236898237449,True
2103,829.4854248796,-559.0738886777,point,-0.8418837805682151,B,-0.19147386009629275,B,9024.667213800287,True
2106,-388.3642851202,236.8668244766,point,-0.6732912344552175,B,0.7677333542454701,A,2366.9822587820104,True
2108,-573.3357452717,-85.8958744675,point,0.3238738192827726,A,-0.8032524062450218,B,2750.8661075069285,True
2112,80.082831784,-671.7609032206,point,0.5020077769190998,A,-0.9960219853049003,B,3592.1227657929935,True
2115,-707.6960589893,468.6671294866,point,0.1313072770717827,A,0.6760509610179953,A,6319.762207295319,True
2120,408.1063590808,261.7158177377,point,-0.153480129963397,B,0.3381147345850842,A,1549.3540250755807,True
2122,-12.1536211712,-924.23453739,point,-0.5923903274673514,B,-0.9955742788328416,B,8116.603066731314,True
2123,103.8453561006,498.4035235571,point,-0.8069368372802981,B,0.12365158015554122,A,1870.0793280382354,True
2124,533.2415148174,-796.4101696304,point,0.345786864467833,A,0.0823160138803815,A,8660.906612745246,True
2125,729.973506762,220.5270287775,point,0.9974461869299354,A,0.9023783288118912,A,4658.924247844009,True
2128,738.4281478306,283.9048135841,point,-0.1104014688517807,B,0.9961928694272212,A,4722.863473383505,True
2136,-606.3437925739,17.6962953886,point,0.7326462192082963,A,-0.40315517214539914,B,2688.733271175253,True
2137,-460.3216205796,-833.7662227793,point,-0.8568685457786078,B,0.917630977842498,A,7679.271735119698,True
2138,-209.1207652509,194.5123645745,point,-0.4395667186687531,B,0.013546502713471822,A,375.3654883832917,True
2141,368.5997545436,-241.355476199,point,0.9950568172521279,A,-0.0523542711612131,B,1137.258741406884,True
2142,559.6364326478,-275.8756879181,point,0.6721401096244948,A,0.19883357363455292,A,4122.882192394948,True
2143,239.9852245229,334.7833666367,point,-0.6588804729221489,B,0.8957988005919548,A,1641.19149768311,True
2144,236.3509995201,-318.9225775743,point,0.42344228891197755,A,0.8107828743484142,A,1017.5147554073833,True
2148,-667.7228077379,541.7810377267,point,0.6903097303034518,A,0.9917284347538101,A,6235.798525024194,True
2149,-259.7044163634,-36.4222326631,point,-0.7084151595339525,B,-0.7220567548755851,B,473.8035938435316,True
2151,743.6005785769,-662.8696208934,point,-0.0020303460789168337,B,-0.9431700744653224,B,8899.941540699796,True
2154,417.383266332,-565.214742084,point,-0.3036933093256393,B,0.850018694607448,A,3891.8336782801407,True
2155,-227.1587754039,-547.1174398329,point,0.7954955362369256,A,0.8777031566276847,A,3264.3943148995627,True
2160,-640.9016218179,485.187745471,point,0.6289872339935636,A,0.9730173541038759,A,6248.293036620123,True
2161,731.0979646604,199.0967570396,point,-0.7320895585958369,B,0.8113311583885258,A,4637.464495927328,True
2162,-850.2866281971,255.0905932097,point,-0.4181552789520713,B,-0.9805623790158003,B,6573.645912554123,True
2166,-493.0560077403,-375.6113719796,point,0.8078377883885681,A,0.0049784845427099725,A,3016.5263680592197,True
2167,305.0345062243,-113.0820555523,point,-0.6693851080038291,B,-0.05965727926559146,B,1138.1364820137976,True
2168,-492.8743207217,-704.2767570691,point,0.36152654356910063,A,0.19653281540947773,A,7563.560829826039,True
2170,-799.1842568742,-251.5148238504,point,0.8517030057978101,A,0.9500146286662473,A,7012.437320176438,True
2173,89.1300918492,-696.9038167618,point,-0.7201419933816304,B,-0.9517515367291682,B,3618.843900050873,True
2174,-13.3137394173,-340.0698030529,point,-0.928118542964816,B,0.445774270705235,A,809.4269217981423,True
2175,-168.0094356647,-223.6270188149,point,-0.20726435435017243,B,-0.8598789763465183,B,629.7783302245507,True
2180,732.6102001856,-116.1013807146,point,-0.0862331446771416,B,-0.9781453818245643,B,4360.531883834162,True
2181,216.441051263,-922.6863382549,point,-0.9512625746061434,B,0.40784771069174397,A,8344.216073296728,True
2185,-164.116318156,814.5027084505,point,-0.3653775172825455,B,-0.5311528110270278,B,5722.062047805852,True
2187,48.0519711964,27.0022338593,point,-0.7535532186809302,B,0.37291133459888043,A,45.85736564726762,True
2188,-484.6069903545,-126.7463131518,point,0.2880535729427649,A,-0.8435826675524407,B,2759.4082666269564,True
2190,326.2732458388,-111.9534414585,point,-0.1743708467478271,B,-0.20854791170639014,B,1156.1841540558191,True
2191,-860.6085065551,-243.2100098648,point,-0.08910989817311221,B,0.9660732459624483,A,7005.683194394249,True
2192,736.0710796447,2.3270094087,point,0.9417083557956987,A,-0.362024465564338,B,4479.440769908322,True
2198,498.365411243,-863.0751351907,point,-0.32272461642794537,B,0.34791592911145003,A,8628.154055559542,True
2201,361.1765719644,-472.7277956299,point,0.6566812969516007,A,0.5103535862696615,A,3834.1826927705497,True
2202,384.4948641116,-792.464431375,point,-0.0034095740952526654,B,0.9825222517277719,A,8504.768637867617,True
2203,-374.3348430662,-347.0117370672,point,-0.12421391461806053,B,-0.07258439408132354,B,3007.2111537575506,True
2207,420.0115781195,-763.5428898609,point,-0.5880162008067769,B,0.8424795602498714,A,8550.57139474393,True
2208,455.6988439475,-45.4289657842,point,0.3496821036717175,A,-0.9993086208623219,B,1315.0064024334686,True
2209,-661.0356523141,-511.5199045995,point,0.052221957913269446,A,-0.8614307505442267,B,7287.4008632227215,True
2213,-366.8904934945,-521.8402577803,point,-0.9135803531607867,B,0.9775351557017915,A,3178.9406971841063,True
2214,-686.9863841344,515.5197876049,point,-0.890926101001559,B,0.9210153815815668,A,6268.367507715453,True
2224,-276.8808816288,-553.1910191814,point,0.7662050034238865,A,0.9123034852641468,A,3255.0551623172305,True
2226,-601.2850909343,460.6410240365,point,-0.31208343200930644,B,0.9947616317057794,A,6232.641533924711,True
2228,592.282994668,-831.8599038416,point,0.7125187172331207,A,-0.3680224016405377,B,8716.021474457739,True
2235,318.1521388056,691.5010108652,point,0.07268697541564273,A,-0.18966892880764988,B,5254.976664789521,True
2236,-815.5963873136,164.1326608096,point,0.4504810036768072,A,-0.9884071201269524,B,6615.634516153073,True
2237,-111.1924657241,-363.8060636652,point,-0.5328951551693046,B,0.2617460868094624,A,785.7619472917571,True
2238,395.7655348908,540.7303375692,point,-0.8962306264408486,B,-0.9954947645538399,B,5077.984997922116,True
2240,-489.4406813735,54.0904576272,point,-0.07831467097444422,B,0.5014351700732307,A,2575.9070176284586,True
2243,380.1402023824,190.9172880833,point,-0.8872632168784949,B,-0.3371759064287738,B,1466.6946106394112,True
2244,-911.9464465663,0.6233460076,point,0.3818431406376386,A,0.19671986987414347,A,6809.6014864148665,True
2245,-531.0417832079,4.7214936678,point,0.3188428693033314,A,-0.021472437833939734,B,2641.514719600635,True
2246,-41.6153696351,-850.130461948,point,0.781611663895478,A,-0.9412238018666889,B,8063.961716174544,True
2248,284.4476253074,-584.4875073603,point,0.6006258291527151,A,-0.15707389565289592,B,3750.98393625389,True
2249,-592.0187172447,-646.796620162,point,0.1176647625830416,A,-0.7340788916668838,B,7440.905258996063,True
2250,-601.5182548436,489.9072685418,point,-0.36504024676829805,B,0.9952298823767763,A,6208.627894590272,True
2252,136.4335246163,-383.2351526879,point,-0.6369890799607676,B,0.997638345678802,A,950.7265797992089,True
2254,614.6442222535,-221.6463880124,point,-0.9282515210660245,B,-0.42679884780149835,B,4199.8163108314275,True
2255,-12.132196653,-578.6419480217,point,0.9659950905334664,A,-0.49239961812041483,B,3454.70142043037,True
2256,-171.3604184288,-146.5296471344,point,0.5076697521794362,A,-0.9907490479729768,B,549.1514635576153,True
2259,368.7614319914,-481.3783273351,point,-0.15883562416421082,B,0.551392154416634,A,3839.995033509572,True
2260,277.1632761766,720.6840756793,point,0.5836439897835546,A,0.25579914377080526,A,5308.916569140683,True
2261,592.5193102294,-295.4892345749,point,0.1358230129121374,A,-0.02573816724366745,B,4149.991223916115,True
2262,196.092249041,-659.6304966042,point,-0.2956808580545016,B,-0.6214323144938741,B,3689.4428379138726,True
2264,-260.1494343922,-89.8570295001,point,0.6768901991535701,A,-0.9499021515533366,B,527.3418401405023,True
2267,-186.5575690683,-817.3791165742,point,0.35690639380527234,A,0.010369240996475425,A,7915.5691558273675,True
2268,370.6099643758,19.7426034332,point,-0.3940092471655783,B,-0.9565118190388484,B,1283.9492826677756,True
2269,659.0498044339,414.1340028896,point,-0.6689377842125257,B,0.37107180892785646,A,4855.264983204527,True
2270,-162.9347658274,-956.932594175,point,0.42607662930137447,A,-0.5417723431372152,B,7985.518802290492,True
2276,-227.0355602137,-545.0513677574,point,-0.9838861613024135,B,0.8858374516710434,A,3262.324571967637,True
2277,-437.6867704423,162.5437386923,point,0.34132555459192915,A,0.9989256332719771,A,2456.0052998935666,True
2280,-746.6320802969,-321.8683354224,point,0.40812995558769405,A,0.6522599319036738,A,7077.563799978468,True
2282,98.4746440804,760.2512497529,point,0.44619618395580996,A,0.9971305003119342,A,5457.278299968266,True
2287,426.6403094733,-543.0703538585,point,0.46537993654002463,A,0.9139056914379816,A,3908.2476472081175,True
2291,272.0564574384,-230.0184490396,point,-0.9004343569691351,B,0.6210003294033744,A,1050.57115951672,True
2294,-696.286187677,489.3454041183,point,0.18717411507166504,A,0.8070864651593914,A,6296.144921144974,True
2296,-486.4242279369,33.9250141584,point,0.6775832750640021,A,0.3757971667468068,A,2592.7070077648364,True
2301,385.991079052,-809.6430647455,point,0.8359551122269664,A,0.9862687312723359,A,8502.209180166108,True
2305,501.9214598899,-532.7399311673,point,-0.3670924457989535,B,0.9803135896242415,A,3982.2570833469163,True
2306,-595.9555355336,-724.8849008408,point,0.8081533808622188,A,-0.1841425602077138,B,7517.598436604983,True
2307,-557.8869334581,-221.5680743739,point,0.8178186727479508,A,-0.9354541116678508,B,2870.78394441101,True
2313,393.1654005398,545.6761304015,point,0.8499850054738378,A,-0.9988291603708985,B,5083.572624017631,True
2315,792.933654965,-493.9088697105,point,-0.18310139858130348,B,-0.18597388630841385,B,9025.339288668765,True
2318,-98.1185578916,801.3162204124,point,-0.7854368905083036,B,0.0008911773750960506,A,5654.759835162461,True
2322,-260.9037915556,-105.9779080665,point,0.6078975904362782,A,-0.9786014827254008,B,540.6172620988175,True
2327,941.7191099837,-115.9209100691,point,-0.35036330416244765,B,0.019304634430359468,A,9422.46126072886,True
2328,-849.6576586675,-383.0887746428,point,-0.17130096834007125,B,0.13489197973481326,A,7146.594716783067,True
2331,-844.3291994262,-183.0715962349,point,-0.2634904558807696,B,0.9699834402843031,A,6944.85965586983,True
2334,705.0206428848,-581.000965578,point,0.849569993269319,A,-0.9542280945042357,B,8895.738666886073,True
2335,-800.6072966224,-250.5671092973,point,-0.263039615204012,B,0.9543662990423415,A,7010.727581892632,True
2336,56.7392386118,-589.8034171962,point,0.04066754862737909,A,-0.9026191446169333,B,3528.017988918321,True
2337,-10.6025176279,-352.0085519578,point,0.6976694226200779,A,0.5103415999083912,A,818.2520727470086,True
2341,-86.6075656314,118.6577529305,point,-0.03054603368995612,B,0.9473972779782763,A,227.59069620644635,True
2342,-210.473035922,-115.9296742332,point,0.43064807915276604,A,-0.9389497317427193,B,523.3389010506535,True
2343,40.7651558022,-676.8334406057,point,0.9679226569405524,A,-0.9799953640792183,B,3557.372648608519,True
2344,-318.7063942092,-532.8625739459,point,0.7998161961405579,A,0.9994087548743149,A,3208.5511927199377,True
2345,-780.0623672209,87.507212692,point,0.07425209526736865,A,-0.8777371833870912,B,6657.305859415062,True
2349,-391.9593009045,622.6503216729,point,-0.6393289460353713,B,-0.6845294897214487,B,5941.382926348112,True
2354,522.1456984189,-727.6829814986,point,-0.9868434660377445,B,0.09887802005030058,A,8658.910941603508,True
2357,-621.1380153157,-548.6846746773,point,-0.7659844164195146,B,-0.9927556249456474,B,7336.873768266754,True
2358,-170.955582086,77.0907059812,point,0.7943876852919807,A,0.4451898116366474,A,321.62477126389973,True
2359,316.1018113961,-65.7173920637,point,0.8803553085029077,A,-0.4169238229515506,B,1182.5803550585897,True
2363,683.3412089742,226.7018504024,point,-0.9667147200567485,B,0.8659810843211085,A,4649.546491458064,True
2367,329.5259126232,-224.218045323,point,0.7879932650298374,A,0.18755564490778123,A,1108.332590961182,True
2370,-459.7094670882,-424.7134096041,point,0.07726657785718594,A,0.4418175919334835,A,3070.8437949182717,True
2371,-276.8075830905,437.9818886492,point,0.9100149251584695,A,-0.5145370632630318,B,2197.090589732593,True
2373,154.2011541687,-976.3306543111,point,0.3869312331124186,A,0.0681476401495886,A,8301.988665250043,True
2374,29.1798688523,-292.9535912771,point,-0.9961063295169386,B,0.3987190303922448,A,803.1965911656494,True
2376,-472.2072465944,-829.7728291662,point,0.7308449210747858,A,0.8711748257815393,A,7666.733182638935,True
2378,-837.2209206004,106.8215747648,point,-0.3432335729024769,B,-0.8137857893273714,B,6671.763708796045,True
2379,542.1803704572,416.5742236004,point,-0.935740096597182,B,0.11648395864330251,A,4886.874659701236,True
2385,737.6649274992,31.3731925045,point,-0.15002297359551586,B,-0.2534431370673597,B,4493.144866766434,True
2386,990.5080496105,-263.8699747355,point,-0.8813529733005616,B,0.7030083910501337,A,9331.223700857834,True
2388,-286.9944700867,418.1759124643,point,-0.6555027520313164,B,-0.427928779126385,B,2208.882724820345,True
2389,316.6085959164,-58.6205234309,point,0.5029513219713933,A,-0.47005183132713735,B,1189.6952953212508,True
2391,-430.2793695191,239.66985011,point,-0.055890168204302926,B,0.9393043259893007,A,2408.418343772438,True
2393,134.1196351649,723.239129844,point,-0.08528029681230209,B,0.8521856119211657,A,5400.293450400778,True
2396,296.8793636757,-634.0210631683,point,-0.6952309194682811,B,0.10770238565392332,A,3782.860588452446,True
2397,274.08283324,-942.3841756667,point,0.10572756299069375,A,0.8189375734804428,A,8408.951477868563,True
2405,-234.4729384356,126.5947305786,point,0.6355019561358193,A,-0.02007421111144048,B,379.40018558117697,True
2408,196.9641774337,-599.0480564436,point,0.5479494593209593,A,-0.7698876378458486,B,3664.4713763563827,True
2409,378.9727734551,289.9929772021,point,-0.5518387079399998,B,0.46575602359381985,A,1566.1031257736265,True
2414,-178.6342025472,-154.9248186589,point,-0.9111906018528508,B,-0.9990513946405791,B,560.2594264818812,True
2417,877.4315090706,-510.6522953465,point,0.5513404805474891,A,0.3664542755729152,A,9092.810281606062,True
2421,38.3404336974,82.1743513167,point,-0.846944192646585,B,0.7537731134336352,A,102.45421087454905,True
2422,-96.2531052704,123.334408974,point,0.3673931229771159,A,0.915067155564919,A,238.31018997605716,True
2424,523.0362232204,-757.8402534046,point,0.7791273582308766,A,0.1913704678363534,A,8647.68873619747,True
2432,-496.0596574697,-5.3845609392,point,-0.7661997909845013,B,0.047961330085254474,A,2633.1802606194738,True
2433,346.0592904171,-79.7066060063,point,-0.5522448709467929,B,-0.4801605446827537,B,1191.073882502899,True
2434,-192.1281295244,-39.0620983249,point,-0.6289973518357923,B,-0.4990809621563155,B,439.695664847485,True
2435,668.0879783251,143.8905435125,point,0.8860504087832715,A,0.33160946204518693,A,4564.45450806187,True
2437,536.0115117192,536.9297524772,point,-0.8904407668528682,B,-0.8283535797417749,B,5018.024016709885,True
2438,-508.076674119,-362.3833113369,point,0.7685099044460102,A,-0.07647382636771177,B,3006.7431199046296,True
2439,-747.5614662025,-562.4709957252,point,-0.24517450995176482,B,-0.9743727400878166,B,7324.101100244263,True
2440,155.0393295807,739.303626935,point,0.7417494455709976,A,0.8605509107801984,A,5402.2376881994705,True
2444,-504.2234628216,601.8283816879,point,0.10153614964350188,A,0.22585145486364477,A,6059.195933240834,True
2445,-250.8616150938,-518.4356711091,point,-0.34650795491659103,B,0.9829701773364566,A,3226.6023632002066,True
2446,-793.3692518918,-98.3154395447,point,0.1714820636553136,A,0.48999785127130674,A,6847.290606315493,True
2452,-707.2141079495,413.7337717011,point,0.7762949072377425,A,0.4810230288440556,A,6348.6304648290825,True
2453,-177.7273921846,37.3153249099,point,0.5824673051529101,A,0.12482876331565534,A,361.97248930815385,True
2454,-357.4341010852,385.0440049305,point,-0.9255662209644167,B,0.14257513269113511,A,2279.1142276403957,True
2455,401.2339530389,263.8618054505,point,-0.9437908764969336,B,0.3358381572083969,A,1549.063865136341,True
2456,361.2799113161,686.5171093378,point,-0.49053017712358526,B,-0.36046347965602094,B,5233.623890522015,True
2458,-733.059595692,356.3512018566,point,0.7974858373281595,A,0.005223672155825647,A,6408.222169813704,True
2463,-259.736376694,-593.8629736298,point,0.8755506582486037,A,0.707182892472123,A,3298.6593690605546,True
2465,-470.9069677736,612.1030473448,point,-0.7763927919155122,B,-0.029504952724703614,B,6028.316786657943,True
2468,14.5334058678,163.0746645335,point,-0.3040696698615841,B,0.9998987957111244,A,186.7883003937604,True
2470,-592.1722142632,-92.9998784927,point,-0.23180880000576876,B,-0.8914334114179139,B,2770.9976607817703,True
2473,687.489858387,-717.1729292271,point,-0.25676564618354636,B,-0.9389655112360972,B,8817.14901047695,True
2474,-11.7944625335,730.7885585142,point,0.8716503556564772,A,0.819276291745196,A,5539.649047548188,True
2476,-792.6198255414,-202.0657604449,point,-0.6759511534204452,B,0.9943494871361992,A,6961.572922553237,True
2479,439.9807479759,175.0357409465,point,-0.06099712862626849,B,-0.40604368193507445,B,1457.7900007574478,True
2480,-290.1898370578,31.6854121834,point,0.3661113901537316,A,-0.6187422333354702,B,457.0479967787005,True
2481,339.4716730291,151.2949019267,point,0.7243634777710086,A,-0.6693785932207994,B,1419.9598294956024,True
2483,517.8637191309,-498.5202140232,point,-0.386662319451603,B,0.9694310505035886,A,3988.1541481790305,True
2486,512.5767935485,-853.1480255263,point,0.5968566465802141,A,0.2690283148300651,A,8638.109642851457,True
2493,609.4373535113,-128.2614528897,point,0.2237132570496445,A,-0.913756013551569,B,4285.194536217923,True
2495,288.3903976018,-150.8031859379,point,0.3343490580116806,A,0.2397390409770349,A,1101.9217099838622,True
2497,-466.0954767454,-836.2955439988,point,-0.21753803752726708,B,0.9052972183628935,A,7675.671836870673,True
2499,949.8942210591,-404.0213269828,point,0.841810366769081,A,0.9823095809345449,A,9213.677239301502,True
2500,48.4872044566,-973.5881036666,point,-0.7519878304726788,B,-0.728745460876075,B,8195.82602863179,True
2503,64.7257091057,469.0731990647,point,-0.5011591183852444,B,0.15030349407655616,A,1866.8505625098846,True
2505,88.0066416477,799.8753945526,point,-0.939296123031307,B,0.9741152763902234,A,5493.733938538963,True
2506,-103.7407721668,-952.0631293033,point,-0.021630306691282186,B,-0.875995585830949,B,8044.913022322118,True
2507,392.2214081431,570.1674148251,point,0.11756654291371538,A,-0.9945622539858356,B,5101.900051809414,True
2511,-151.2565966325,735.6147690318,point,-0.17259761730378376,B,-0.20452789204554003,B,5679.584541994747,True
2519,-721.9731514891,471.0015941924,point,-0.07951357971491402,B,0.6258052905067756,A,6327.709386489435,True
2522,623.3968553742,-636.0147900096,point,-0.8118006353634626,B,-0.8619963895775897,B,8795.499111841187,True
2524,585.4153977099,-336.2806499743,point,0.7800260632297069,A,0.32485500581186416,A,4107.19929294256,True
2525,-222.9312623738,771.5973379996,point,-0.48195396580498384,B,-0.8506328156208156,B,5776.929305818048,True
2526,-588.6893143842,497.4300667931,point,0.2017619599437901,A,0.9755369832253586,A,6193.755967787043,True
2527,-689.312868176,-465.7844423994,point,-0.6938927402961479,B,-0.5644392934350698,B,7234.8017112406005,True
2534,-440.5351241899,-460.229832067,point,-0.3988990195975908,B,0.6573737352058902,A,3102.0083456035636,True
2535,353.0450511402,154.5366484041,point,-0.9687942763590938,B,-0.6608351855798118,B,1421.3327526053151,True
2536,-179.8368074679,463.4410810005,point,-0.4122560967754523,B,-0.9417917374695841,B,2114.5962433740624,True
2539,6.4889849092,-959.9768109613,point,0.6902341364101259,A,-0.9089448538105417,B,8156.91506099499,True
2540,-594.3854497639,-118.1360624494,point,0.8820824744806997,A,-0.9501130612961602,B,2789.369610988004,True
2544,-374.5297376801,-377.6055471652,point,-0.8319271279484626,B,0.13970175851279706,A,3032.748173028591,True
2546,704.3119443428,178.0756100773,point,0.3763181911879232,A,0.6838834191497603,A,4614.262082687536,True
2547,235.3170238176,294.0464222365,point,-0.4797944830444725,B,0.8101413388071816,A,1621.2916542415371,True
2548,-721.1136687912,351.7508907734,point,-0.4728979311520516,B,0.020426872080983715,A,6406.3976181762955,True
2549,482.389736861,455.1076143721,point,0.8003547866934824,A,-0.3959653813691173,B,4949.738810332135,True
2559,554.3082879519,471.7831651529,point,0.4283689231935899,A,-0.3611680533530801,B,4945.226962783533,True
2561,-340.6203769935,740.4508379925,point,0.005173260200386887,A,-0.9437278000072669,B,5883.810711939447,True
2564,-911.8757085214,84.1952924717,point,0.4603212414788216,A,-0.30685444757740676,B,6748.413779775358,True
2567,694.6244051097,-250.4528058983,point,-0.00435329658839767,B,-0.7736547500376362,B,4253.053003619074,True
2568,428.2366801048,541.7558614397,point,0.3589476903552471,A,-0.9616225240774822,B,5056.0272256456965,True
2569,415.0329358132,165.0729246801,point,-0.6381197099067768,B,-0.4657375587649836,B,1449.8283256100876,True
2570,-454.3986627821,245.6689946078,point,0.852667097325958,A,0.9475543991383041,A,2411.406085066324,True
2580,-148.1609865934,410.7099268317,point,-0.31157945053801184,B,-0.9922308425051599,B,2058.483116605702,True
2586,634.9650003772,-794.6875798978,point,-0.6941267393014117,B,-0.6980237216515829,B,8763.511791068411,True
2587,-337.3187649941,-846.8768736375,point,0.15210882480256993,A,0.9326635167153601,A,7772.606237355176,True
2589,201.1910533556,697.776681939,point,0.9122261731639976,A,0.487883447328393,A,5339.035265191775,True
2590,327.940504707,-284.0889942774,point,0.3174775995174288,A,0.2035431763667009,A,1106.3762948612448,True
2592,-834.6276990691,-419.6600960592,point,0.8990741209561515,A,-0.19297206584257814,B,7186.134079899728,True
2593,-190.9148371135,-535.4563235859,point,-0.2627011157105683,B,0.8103635362200159,A,3279.5473904717996,True
2594,-305.5382857065,-22.4304472156,point,-0.33517225981886956,B,-0.8270227940529817,B,493.84603049333236,True
2595,386.8314904884,-137.4105348904,point,-0.5031720703100364,B,-0.501569819584048,B,1194.0228430077532,True
2600,282.4612278322,330.0335815705,point,0.7117225082911232,A,0.8141909439849341,A,1622.1245946347885,True
2602,-749.6645756208,185.7000411631,point,-0.10564737924975609,B,-0.9369812622072069,B,6554.515503362959,True
2603,636.0262952799,-760.7888034597,point,0.2830700181116348,A,-0.7333843784639136,B,8769.590171224152,True
2609,632.9596390485,-202.1351643521,point,-0.28507428448043926,B,-0.5982555072477835,B,4223.860975303893,True
2610,-584.5007355452,-731.8381700949,point,-0.42906696807816136,B,-0.07346639572748706,B,7530.998451384612,True
2615,546.4266840999,-278.8812755812,point,-0.47152075399310966,B,0.3079735026632073,A,4109.334830515257,True
2616,268.1763727458,367.4646339728,point,0.2784925371686675,A,0.9594945926921081,A,1662.188802711115,True
2623,-77.8362837239,801.1006283075,point,0.4537487346927018,A,0.1461440510195901,A,5637.266455465659,True
2624,852.6612735386,-449.7289119096,point,-0.7320753735968286,B,0.4573772042130142,A,9104.792072220842,True
2626,491.2340862704,607.5546951628,point,0.7970317087423369,A,-0.9999458211608301,B,5090.6292443866305,True
2629,27.0428293819,-627.7876264702,point,0.7221008698772426,A,-0.8797924785689505,B,3521.9711217613694,True
2632,-419.2264656856,-304.2842772102,point,0.17087516005445114,A,-0.5556180579910702,B,2945.236210375292,True
2636,-74.3845848708,200.5608127581,point,-0.5211101325915914,B,0.8007333931414666,A,265.56889388476645,True
2637,621.2110070343,-76.189741883,point,-0.7237467904461359,B,-0.9996123673938222,B,4338.73920006549,True
2638,209.4107790915,683.7419033334,point,0.279768825935117,A,0.36545784771015094,A,5322.770613283983,True
2642,-32.3565744418,475.7633820346,point,-0.37150884630325165,B,-0.5148024490398264,B,1949.84885637027,True
2644,-223.4921347401,386.0910555889,point,0.7690232916291095,A,-0.8599119138887871,B,2137.735061076293,True
2646,-280.6010147814,-57.2028120393,point,0.20079989079007765,A,-0.8685934439840078,B,503.2739230689357,True
2648,681.7107986153,-607.6115793071,point,0.35841725228887933,A,-0.9999601567611558,B,8860.362494072897,True
2650,80.6740683408,-254.9330619609,point,0.7730793350412912,A,0.6922469656104473,A,845.733999971926,True
2652,-169.6289592097,-538.2759240545,point,0.12469826536839235,A,0.6931430913911131,A,3301.01920327226,True
2657,-150.1285620086,511.9477572176,point,-0.07535282667969168,B,-0.99534533714856,B,2085.033828764997,True
2660,-838.0174169563,-429.8656475715,point,-0.8666917231345221,B,-0.2632513035847583,B,7194.798150976939,True
2662,951.6088603048,-85.3855134069,point,-0.10989741944339926,B,-0.24572524762954084,B,9454.570097859074,True
2670,-839.4424668883,68.7022029865,point,-0.5210500758398195,B,-0.5911117102967105,B,6709.947760082957,True
2673,-813.1279866228,-273.4711771935,point,-0.5248152843110427,B,0.8674262034800954,A,7036.830531999466,True
2674,805.2511672942,-511.2087075675,point,0.08462722453876026,A,-0.22186390471421105,B,9020.93977021194,True
2675,592.908268579,394.2084790989,point,-0.7823850916449249,B,0.3625736664882667,A,4856.361180468508,True
2677,349.6912103734,76.145547419,point,-0.2667753073251098,B,-0.9789972393974435,B,1344.106463114321,True
2679,-503.2630478913,-277.9502654308,point,-0.3147895158814693,B,-0.6749405522254267,B,2927.0228515183144,True
2681,84.6477079262,-549.5661711824,point,-0.9095783710521901,B,-0.9457641388300428,B,3541.712728778888,True
2683,-87.0654353868,516.7702424814,point,-0.2970237047197637,B,-0.8995007395540425,B,2019.190650222739,True
2685,-441.6383429839,348.4708323736,point,0.24488126010112188,A,0.8207191863119346,A,2377.466951258484,True
2686,-522.9399909505,169.638237984,point,-0.464647031485212,B,0.8559524933409155,A,2515.65100585028,True
2688,-112.0672307768,540.0893417878,point,-0.11072063381448483,B,-0.9848405971826116,B,2052.5299095765386,True
2694,-737.9525669106,194.6095489669,point,0.5666529109385263,A,-0.8872075421074311,B,6539.799849203739,True
2696,-557.7472538148,-145.0946720338,point,-0.9676158644494057,B,-0.9621464161703303,B,2794.3104145076927,True
2698,111.9706069409,-955.4260120463,point,0.8896016482810853,A,-0.31881364847055743,B,8254.867298680527,True
2699,83.8857621206,420.3091252338,point,-0.1488392133630123,B,0.5213763234168936,A,1819.1400263107705,True
2700,33.2255824205,-367.0795202843,point,-0.5969381635823978,B,0.796694583835704,A,864.5989867775126,True
2702,-481.6126818022,-62.9614708104,point,-0.853468398722256,B,-0.43199295250544856,B,2692.5419962431365,True
2703,-524.5015341801,-193.1641773577,point,-0.26299650160666044,B,-0.9954717677025151,B,2838.857557025572,True
2707,-687.0366081888,-485.3435823331,point,0.7960144730068115,A,-0.691704599081578,B,7254.492859365466,True
2711,205.0232244879,379.0748656434,point,0.3944826845389373,A,0.9963802424460058,A,1706.6733561502988,True
2712,917.1421392172,-115.6476751455,point,-0.4232885769907402,B,0.0895152734505323,A,9414.021730289533,True
2713,814.0232922869,-535.3580618793,point,-0.28716456108633404,B,-0.12946171450962624,B,9032.20770955652,True
2714,-22.0349033296,-547.023358137,point,0.11851552316183334,A,-0.340513849597851,B,3434.615668206555,True
2715,-484.2965283103,653.9813216543,point,-0.15741240113588462,B,-0.01207003385107905,B,6030.409455659337,True
2718,84.0178175869,-896.4863122987,point,0.4243649424965408,A,-0.668320090135563,B,8205.970825860793,True
2719,286.1606687519,280.8923165158,point,0.20300779521824697,A,0.4853346137527592,A,1568.7739740993552,True
2721,579.9588827171,421.0685722923,point,-0.08809480866055175,B,0.1222328961000756,A,4886.179818944443,True
2722,-191.7300149882,527.537460187,point,-0.11673757585294497,B,-0.8930382962006699,B,2129.4603943388515,True
2725,265.0829073731,-822.2575917157,point,0.13902390908711237,A,0.6613874470758261,A,8380.524654542965,True
2726,383.1293531044,-939.0667188241,point,-0.16197030579959204,B,0.9677117799059001,A,8512.877090921776,True
2728,805.2386517253,-567.3261475997,point,-0.8157157199836487,B,-0.39503135977638404,B,8999.054603903756,True
2731,715.0652279023,-153.3283085588,point,0.024389553524626573,A,-0.9911018768832739,B,4319.3776591526175,True
2733,-808.936755694,137.8947510252,point,0.5463529832809135,A,-0.9637690040142917,B,6629.745423879091,True
2745,573.0402443404,520.404827097,point,0.3843551380351218,A,-0.680191583621676,B,4990.647414790004,True
2751,274.6867800338,-924.354190297,point,0.12529508364433672,A,0.7903898138349192,A,8403.178012547958,True
2752,-310.049394517,-868.1768466369,point,0.47165361550503104,A,0.7915712395628283,A,7807.208367578509,True
2753,-220.5663437692,60.8498462445,point,0.6105582270932612,A,0.019029284736972057,A,374.70746642459096,True
2758,606.7637467289,515.6096929544,point,0.10771473151492694,A,-0.5065265512283186,B,4964.622722809149,True
2762,-513.316498911,-395.6390518537,point,-0.1388577048190469,B,0.2025894634545134,A,3040.4091271102902,True
2764,50.5291900968,-853.6139051762,point,-0.2799964932136383,B,-0.9115086993680634,B,8156.172096636343,True
2768,-30.9242955708,480.6629893141,point,0.32965638284546994,A,-0.5127641974425104,B,1949.563759489419,True
2770,-863.5982767629,-19.8429799492,point,0.5571592389129831,A,0.21936648755128094,A,6812.379943105543,True
2772,-155.9464757942,825.2194790594,point,0.7782999243464419,A,-0.497360880175999,B,5717.333262932523,True
2773,-337.1561469036,658.7700081803,point,0.14721216783230862,A,-0.9638040048097838,B,5875.7474371533235,True
2776,54.8920531424,-919.3884396456,point,-0.15153115524233152,B,-0.7468148204000884,B,8192.613453772077,True
2778,-582.2923446383,-644.6055465351,point,-0.4593665961374618,B,-0.70237546609213,B,7446.374857290982,True
2779,408.5282542882,168.6156151705,point,0.9743022877881728,A,-0.4307953661529106,B,1454.5196017577152,True
2780,306.5162821104,-604.1683444673,point,0.15122813750423436,A,0.09181356698452707,A,3780.944350634568,True
2783,-291.0209437783,-856.5556001951,point,-0.7299087991733781,B,0.7220800677189241,A,7819.996967901789,True
2784,408.6071821988,-90.3435404208,point,0.5686003216458284,A,-0.8408756853746286,B,1250.8412537616991,True
2786,-123.4534690544,837.1195613936,point,0.4971242380996437,A,-0.3068184522327104,B,5692.288590078531,True
2789,384.8435283077,-85.6889754993,point,-0.45698529045747227,B,-0.7364867760885517,B,1230.3167908240905,True
2792,-828.4597737146,-91.0120171803,point,-0.6374686753365568,B,0.5265379015265254,A,6852.382900754507,True
2793,430.3018164006,-451.5826101472,point,-0.2519423127901008,B,0.9084202477206328,A,3906.649939230847,True
2799,-550.5391127387,588.4442089121,point,-0.2521568870119013,B,0.5905443042869799,A,6107.665872744999,True
2803,752.1103872622,-489.9412935421,point,0.0027504377920493095,A,-0.4178225415076017,B,8996.06116527634,True
2805,240.4016061788,-520.5629693221,point,-0.03193637992289733,B,-0.5335780095537669,B,3702.372122058879,True
2807,549.8200416889,424.5132027917,point,0.44539785724413905,A,0.062260742955330975,A,4893.4084150549,True
2808,-500.6484435919,-170.1917714823,point,-0.07672967126073571,B,-0.9837056788089965,B,2805.7410752934647,True
2815,365.0957587954,-889.1258090039,point,-0.8968439332634399,B,0.9962250649157341,A,8492.730246188454,True
2817,291.8959430126,-556.5332608863,point,0.4151095672978824,A,-0.12147344909116067,B,3755.298281509602,True
2822,-101.3759609602,-654.5546886247,point,0.9979840836802802,A,-0.3673267905844609,B,3438.056055767998,True
2826,613.4381675372,-118.0812174232,point,0.23896217269336684,A,-0.9469428765567514,B,4296.132712803773,True
2827,729.2268108242,-669.9419160844,point,-0.6816703886516471,B,-0.9790086788547376,B,8883.922097554754,True
2834,210.224610858,-651.0182153061,point,-0.5984637558270782,B,-0.5581692950171072,B,3698.849852605829,True
2836,445.9888574239,74.2120941034,point,-0.105590805802243,B,-0.8911383089211095,B,1375.9827386457357,True
2837,547.5639988268,408.0592942967,point,0.2186478563630132,A,0.19935515830454809,A,4876.800560462645,True
2838,-549.0571748624,587.9914541517,point,-0.05174332860565145,B,0.580074521549959,A,6106.116315794682,True
2839,-359.0433503242,274.9664483128,point,-0.8564161627427569,B,0.44844561226957114,A,2317.7497730710597,True
2841,-779.9034473532,26.5177572448,point,-0.7025573860704868,B,-0.5336171080095174,B,6718.295521910196,True
2843,131.1932887527,755.8234600088,point,0.04866515640200175,A,0.9574677230082002,A,5431.246972023047,True
2847,497.7323757204,-400.4340642982,point,0.9529133648667616,A,0.9681951861199988,A,3988.752676816555,True
2848,-54.5161433004,-264.6686359171,point,-0.48197498333481104,B,-0.30625025823734087,B,716.6320549024164,True
2852,-177.2952051671,479.1733124745,point,-0.33713939992337716,B,-0.9381813757464517,B,2115.8661052860875,True
2853,11.4658188851,-570.158490132,point,-0.8763729011555443,B,-0.6622489116766291,B,3479.7780110100866,True
2858,549.1339053325,-795.3417166819,point,0.79449291883986,A,-0.0328585981790695,B,8674.739465574614,True
2863,63.7328804894,-988.0738102293,point,-0.5964595545297235,B,-0.5966663613024874,B,8217.083740702974,True
2877,561.8128561134,372.4230477755,point,-0.7022174333303417,B,0.5053492699468104,A,4837.310138800096,True
2878,49.1467544608,-975.4226468465,point,-0.3345970257631288,B,-0.717524879879055,B,8197.77552982106,True
2887,-614.8927934485,-743.8268568873,point,0.004860199052584724,A,-0.07959706351265687,B,7530.26060607872,True
2889,-160.0592581498,-826.3805386416,point,0.1049606653390398,A,-0.22100297601023908,B,7943.554617781192,True
2890,468.9499385187,-362.5270454926,point,-0.5230378007331531,B,0.9585695893000816,A,3993.06979566552,True
2891,-341.1874750249,-517.7392498225,point,-0.8798380957079224,B,0.9817391069208554,A,3181.4566558686934,True
2896,-849.4736794892,142.623756233,point,-0.5857612310517599,B,-0.8695644927016717,B,6659.321765542769,True
2899,-230.1612874874,810.3662517718,point,-0.07622262427787097,B,-0.9128685664422513,B,5792.897520948596,True
2903,-470.1533232469,-199.4771407375,point,-0.4105498718844067,B,-0.998850424378911,B,2833.1878754493564,True
2906,643.0478413126,451.9206407416,point,0.13496290639431918,A,0.06734386864499248,A,4892.797154509017,True
2908,-146.3650911919,503.9768165761,point,-0.6320888798170654,B,-0.9997339879024429,B,2076.219090691834,True
2909,-809.316352502,-439.8580599882,point,-0.8195591730933505,B,-0.3318667718306371,B,7203.425067739376,True
2913,-86.1034828044,136.2525860183,point,-0.8316088365630652,B,0.9292103317451067,A,233.91868946408917,True
2918,451.3898187514,-557.968924381,point,-0.8957909683756538,B,0.9650856403602025,A,3926.603600362862,True
2923,452.9202429316,667.5312495137,point,0.3929365496869286,A,-0.8099693584210507,B,5164.583674112552,True
2926,-214.9455762759,-75.6755249267,point,0.28180121925021306,A,-0.7720430418144648,B,482.8370473448382,True
2930,416.0466033939,-497.7478018351,point,0.41357497536157006,A,0.8050843514684268,A,3882.209303669715,True
2931,913.5509093546,-365.8471661952,point,-0.6598880143107317,B,0.9713047514025637,A,9207.46563406542,True
2932,-266.8683243643,-108.8860937047,point,-0.15139416221552082,B,-0.9884782173723763,B,547.2530134000864,True
2933,-718.1221331809,301.4313539257,point,0.8483182950916022,A,-0.20502205132198065,B,6433.627361778161,True
2934,-417.5291412053,-411.6778488378,point,-0.25648306075154736,B,0.3269722969028984,A,3055.9007060536214,True
2935,706.7938247146,98.9977438031,point,0.6099566358235378,A,0.08751495633878845,A,4534.408667652198,True
2938,-212.2091163169,-249.2370721352,point,0.9980143391786451,A,-0.7008836979824891,B,660.7859561049063,True
2940,331.3227081767,-474.5499538187,point,-0.5100911141073978,B,0.28245343991773336,A,3804.273272122206,True
2941,-235.3689393077,-155.5778147221,point,-0.47194604431394005,B,-0.9992432684817096,B,570.1553623609411,True
2942,315.1256564363,-112.6530451758,point,0.7478480611034795,A,-0.14336588435733313,B,1148.2367474808184,True
2945,280.2278056603,-171.6262991611,point,0.3834503052805591,A,0.42996840756497,A,1077.6384211509799,True
2946,326.1592352372,-250.3541201167,point,0.6172964832321874,A,0.3042540820728132,A,1093.8747204849537,True
2947,-437.6463695826,654.480884498,point,-0.14962066981584554,B,-0.3841962398138028,B,5984.537444200914,True
2948,-413.8227183651,-825.1829367852,point,0.3020547038546564,A,0.992155988519308,A,7713.277865103294,True
2950,-65.1442838223,127.9652289037,point,-0.9040708621207243,B,0.9818702485856992,A,211.3805371459382,True
2951,-776.8269870494,235.0207588322,point,-0.9513971179988705,B,-0.8221100734279032,B,6524.661902669353,True
2952,-436.1891922834,257.3611588601,point,-0.5422877696757762,B,0.874866962764811,A,2389.766040686846,True
2955,233.2212900771,-960.928699853,point,0.5812171790708731,A,0.6736181835602185,A,8382.495820709117,True
2956,939.0299019917,-421.4417666281,point,-0.5753683673652032,B,0.9360852949518526,A,9193.146648802594,True
2958,-600.1030898597,-665.8132738417,point,0.8902065146813403,A,-0.6388559361841288,B,7456.661138900337,True
2967,-789.5603905901,171.6341665657,point,-0.6325721856976951,B,-0.9985303544247357,B,6590.837947918111,True
2968,-214.5988476571,-8.3926601345,point,-0.2711336368747532,B,-0.3562268729797953,B,420.698327960996,True
2972,-362.0312831429,660.0649065152,point,-0.8047800449721283,B,-0.8881698867167654,B,5900.656254158984,True
2978,-613.851554627,-1.9905836019,point,-0.5476262997651262,B,-0.5568132398508275,B,2709.8031476683072,True
2979,965.6616579796,-92.6202754807,point,0.23567922695545152,A,-0.2562135827851623,B,9455.87031903283,True
2981,-593.7518292379,-676.0116051212,point,0.49755812292054413,A,-0.5587607040716637,B,7468.6754833423975,True
2982,302.5484058687,395.3405407022,point,-0.5098796896198408,B,0.9970875159426513,A,1687.299231182728,True
2983,907.1276133789,-207.6542525511,point,0.7693480933890724,A,0.7355655908127342,A,9325.597819086153,True
2984,-818.2578933517,-466.8351212322,point,0.41220936572221634,A,-0.552757804973608,B,7233.111644356933,True
2986,-251.1329254608,-228.4842562486,point,0.3290319229268934,A,-0.7896859801173445,B,644.7465982770466,True
2991,-494.2434982834,-91.2682822762,point,-0.8031919057712338,B,-0.6480411445975411,B,2723.538981585942,True
2995,236.8067044186,-912.2679102645,point,0.03399662011789628,A,0.5734635684077456,A,8367.091900500249,True
2996,353.6483530499,-522.4624806411,point,-0.6361742772827208,B,0.36764340782717503,A,3815.0880267449634,True
